"Gene","Module","ModuleLabel","GS_resistant","GS_pval","MM_ME1","MM_ME1_pval","MM_ME3","MM_ME3_pval","MM_ME2","MM_ME2_pval","MM_ME4","MM_ME4_pval","MM_ME0","MM_ME0_pval","HubScore"
"239978_at","grey",0,0.197400661980779,0.00216968075395419,-0.0264621441684138,0.68399232418666,-0.107774339461123,0.0964605141883137,-0.153086733377193,0.0178733347659491,-0.250378820819587,9.11650728628672e-05,0.637962047302202,1.03292651871925e-28,0.125934130456068
"243184_at","grey",0,0.22866957876368,0.000365316560825407,0.000322451740818964,0.996043427969294,0.0481455776373492,0.458790415475409,-0.164828219637407,0.0107013119030866,-0.208566128946063,0.0011819939432335,0.529447613600667,1.1406015792849e-18,0.1210685627795
"208861_s_at","grey",0,0.211879134121322,0.000981073099240398,0.149948611445312,0.0203883649599488,0.0795135486028567,0.220671289143161,-0.0378925629385256,0.559931681264369,-0.131466884312536,0.0422961071066794,0.563473333935363,1.99714993478283e-21,0.119388242094679
"228959_at","grey",0,0.156271687284575,0.0156013375964229,-0.100597407827305,0.120906093342506,-0.0361835147376431,0.577778083361485,-0.369958121001184,3.63289651937049e-09,-0.33069530403375,1.66228934148639e-07,0.637202275835272,1.25483961866681e-28,0.099576674786349
"229531_at","grey",0,0.169029781649153,0.00883680921925313,0.111061790045877,0.0866617537649145,0.268793922771342,2.53757198242641e-05,-0.0920729338674234,0.1559088633124,-0.14133333325914,0.0289268481662157,0.587267872325239,1.49839999651177e-23,0.0992657602286979
"217627_at","grey",0,0.173842764940319,0.00706007149123561,0.00976543442942901,0.880620999317515,0.0291185080676922,0.654228168580623,-0.122980663682659,0.0576328892328975,-0.128200965040087,0.0477344781762543,0.565257757347106,1.40272103183513e-21,0.0982659714411847
"203884_s_at","grey",0,0.231656162138633,0.00030408362482102,0.257597205880444,5.58499012120763e-05,0.199454193999851,0.0019449402748902,0.0275804482624311,0.671399048160495,-0.124906565965856,0.0537999567536639,0.418486973114917,1.49916079222312e-11,0.0969450860968151
"232333_at","grey",0,0.171907154901932,0.00773221840640523,0.0591415744009593,0.362658963049883,0.05433291118266,0.403053342761906,-0.0953270548523476,0.141739975576444,-0.113491197665962,0.0799468780603368,0.559775660604472,4.12512274601559e-21,0.0962294411978646
"242110_at","grey",0,0.15161922789744,0.0190137032514208,-0.0746976286750287,0.249999400926192,0.00594825613505706,0.927113974480281,-0.188731730862139,0.00340283153678803,-0.125674651207527,0.0523314724649274,0.625743778109012,2.21378528691372e-27,0.0948747884985152
"1559391_s_at","grey",0,0.124626421996196,0.0543439947389558,-0.0300871741178978,0.643505849275952,-0.0427268492350422,0.510937707732281,-0.202536892334438,0.00164722355005889,-0.216744062655904,0.000742447800541347,0.756749432188627,1.20034656449044e-45,0.0943109740813219
"238988_at","grey",0,0.142583345739661,0.027524241800629,0.130043779710749,0.0445982090595743,0.000925370469433401,0.988645783006627,-0.084228156716502,0.194419337493935,-0.167003944594329,0.00969639957869598,0.653030281836867,1.93905895283858e-30,0.0931112424536144
"230624_at","grey",0,0.147505341955887,0.0225536099092279,-0.0834125791849654,0.198789839024935,0.00516262786912286,0.936718936817384,-0.372767573724106,2.70756188666343e-09,-0.320816668875414,4.0136701677809e-07,0.631168350730709,5.77438255191157e-28,0.0931007034062664
"239847_at","grey",0,0.168190792776584,0.00918423860409031,-0.012558246548791,0.846852821478842,0.233668419794468,0.000268367381400457,-0.339766014701925,7.19610110564024e-08,-0.257278851594817,5.70873895228278e-05,0.549233273291034,3.1072607197548e-20,0.0923759796540972
"228920_at","grey",0,0.16660575101556,0.00987381322271844,0.0607134930463397,0.350020579095365,-0.0369639328789162,0.569595755063326,-0.106758898377849,0.0996591240638388,-0.082580219554717,0.203323408358602,0.552452079245105,1.6901015133577e-20,0.0920416935627386
"222186_at","grey",0,0.147508198683849,0.0225509665697779,0.0577077319872416,0.374431533991871,0.119407968229351,0.0653402081086567,-0.0745529224993464,0.250920632051821,-0.168954382024851,0.00886754833620494,0.607715743015746,1.60272613359233e-25,0.0896430545640692
"232522_at","grey",0,0.17927699626769,0.0054429317319758,-0.225110718995786,0.000453185850474319,-0.103749184997,0.109635255583609,-0.272871864126619,1.88714236519759e-05,-0.092467906935211,0.154134237143561,0.499441147343994,1.75141173918399e-16,0.0895383087083197
"228623_at","grey",0,0.120271730741823,0.0634034361370981,0.00241093197883059,0.970423810905392,0.0420915321561798,0.517247052609797,-0.180989815197051,0.0050070334839141,-0.221968604489029,0.000546664291210655,0.74167201245406,5.48599347804741e-43,0.0892021765806209
"1560271_at","grey",0,0.149658982863063,0.0206352471828589,0.114374478272165,0.0776122082846226,0.137524436740807,0.0335835318596657,-0.068963337770068,0.288316289694351,-0.168032593517486,0.00925109064395526,0.595602792240068,2.45052292712286e-24,0.0891373080770486
"232087_at","grey",0,0.168125219046157,0.0092118966664971,-0.266699369827764,2.94902009037483e-05,-0.150708121780453,0.019753074537626,-0.244790068985075,0.000131920576615498,-0.131686313113688,0.0419501926179238,0.523362562365274,3.29684242703323e-18,0.0879904454382196
"242405_at","grey",0,0.187896625773994,0.00355010722929423,0.127068108343225,0.0497523787585336,0.116371754405232,0.0725362619380201,0.0057603660453441,0.929410180646077,-0.0584376426358537,0.368409539161079,0.468240341783524,1.99584587066881e-14,0.0879807802723856
"226282_at","turquoise",1,0.189282616430415,0.00330872874385725,0.783706851781787,6.35652538534554e-51,0.547813866925888,4.05599526777234e-20,0.49924040098317,1.80843129389206e-16,0.0709577534569454,0.274566445069791,-0.182823515009753,0.00457536858786437,0.1483420834197
"244741_s_at","turquoise",1,0.180353957085288,0.0051650528603616,0.795095553240226,2.19206577588654e-53,0.765261249478763,3.0916055469129e-47,0.535090081854742,4.18148132881342e-19,0.224952533384613,0.000457512979204409,-0.27917880051199,1.18250401062732e-05,0.143398629287791
"232935_at","turquoise",1,0.225149262248739,0.000452137274672351,0.632264692866586,4.38674763780069e-28,0.588537349540955,1.14108900075753e-23,0.289039387598287,5.56332340015246e-06,0.0741166777875479,0.253712097482823,0.063022985546595,0.331962540490848,0.142353929144837
"235570_at","turquoise",1,0.176115661467158,0.00633771575498361,0.741634295451132,5.56770158874497e-43,0.73651835615251,4.03951485380699e-42,0.465253539666283,3.06382060057355e-14,0.299466353126286,2.42904196705601e-06,-0.0146473321232068,0.821771442696135,0.130613414510106
"221933_at","turquoise",1,0.171141245061631,0.00801353967991764,0.752866218740797,6.06313092498023e-45,0.63763799457862,1.12239771872204e-28,0.583564905758215,3.29439612767677e-23,0.32213157329554,3.57573577867214e-07,-0.302567649655791,1.8864490124574e-06,0.128846462040143
"213652_at","turquoise",1,0.203727319146715,0.00154387035041692,0.62322136610003,4.09859928939879e-27,0.493127403377679,4.74955418042611e-16,0.491396526975071,6.22124899364542e-16,0.261268941376471,4.32873109832163e-05,-0.119823886665625,0.0644016474396214,0.126967218150512
"238447_at","turquoise",1,0.16348712391964,0.011365602576889,0.768822817427103,6.38418080782612e-48,0.709880007037073,6.06781158855626e-38,0.42793902331853,4.62354545380964e-12,0.211188588846412,0.00102015766199344,-0.0158802369946832,0.807052075059062,0.125692631224952
"213891_s_at","turquoise",1,0.138478715583441,0.0323607690528322,0.877647732648072,1.18999381670495e-77,0.612366477756067,5.45131409056392e-26,0.532731800554585,6.3747956112767e-19,0.188472244547025,0.00344799048859222,-0.023965338467115,0.712421663477623,0.121535530751824
"205880_at","turquoise",1,0.14088687164556,0.0294424164990259,0.860079608733915,3.2012413703567e-71,0.705650927938218,2.52879912353752e-37,0.505462227164761,6.63423477237856e-17,0.139412602454279,0.0312010367597492,-0.202731630822502,0.00162989474080392,0.121173925440658
"206953_s_at","turquoise",1,0.161610309164692,0.0123562480619133,0.748505147658029,3.60766319685803e-44,0.559957149983135,3.98167958022842e-21,0.45585106532125,1.14954897169171e-13,0.178912651916515,0.00553993245898749,-0.141979367927913,0.028194498143395,0.120966148324377
"226225_at","turquoise",1,0.134154171036568,0.0382209510042545,0.87506142928782,1.2089018400609e-76,0.61896467869851,1.14438598541318e-26,0.624079709409409,3.32569497895121e-27,0.297998109772094,2.73508662122874e-06,-0.192054211768428,0.0028700613095542,0.117393140652182
"212265_at","turquoise",1,0.152482210756828,0.0183356773278999,0.769710134052772,4.29051757633866e-48,0.512303097320748,2.15076282362773e-17,0.53910064703506,2.02569569371979e-19,0.194107309065,0.00257988979565353,-0.108581794598121,0.0939757560211792,0.117367102882301
"228776_at","turquoise",1,0.147173143377218,0.0228628248149325,0.796338649015868,1.15516158177535e-53,0.705066288613611,3.07427019598563e-37,0.433167857631929,2.37391712596627e-12,0.0483812307704442,0.456591925673998,-0.194338346572144,0.00254896341592445,0.117199662168432
"226084_at","turquoise",1,0.143667784469161,0.0263550442661795,0.813798013579073,8.68155009803013e-58,0.747514460897058,5.38212103578849e-44,0.46451647996155,3.40344332575922e-14,0.1140267728856,0.0785245841043069,-0.153033494207182,0.017913640830372,0.11691655761631
"212233_at","turquoise",1,0.135977093792892,0.0356496236963969,0.85799827931485,1.61671643217633e-70,0.788919645764013,4.95517686192355e-52,0.531903289517034,7.3869765327514e-19,0.173819379179721,0.00706787080727193,-0.200788084698548,0.00181055910228811,0.116668112500535
"244533_at","turquoise",1,0.176023047626132,0.00636580590572441,0.656801132679181,6.91884603305523e-31,0.498680579281927,1.97722058171212e-16,0.329729145321264,1.81447017816686e-07,-0.0669261337894052,0.302829688069727,-0.196559082733194,0.00226843089243965,0.115612137058485
"213413_at","turquoise",1,0.132733582981679,0.0403318457439911,0.870620276181673,5.75633124940505e-75,0.750485020959868,1.61282695721971e-44,0.510267047109731,3.01537588412163e-17,0.134443335224067,0.0378029062345277,-0.113981247370645,0.0786446821603712,0.115560548674092
"212609_s_at","turquoise",1,0.129173092648754,0.0460578078746327,0.886387008948628,3.13658289746187e-81,0.748810877977625,3.1874895623582e-44,0.544319537218681,7.77413089926072e-20,0.12402711339036,0.055523172172954,-0.128638817536925,0.0469730894452371,0.114497351229573
"238592_at","turquoise",1,0.167522064172975,0.00946978334568876,0.681063739768276,6.30204436254093e-34,0.633216904970076,3.45209550716342e-28,0.392604167248984,3.13100434580167e-10,0.151560858708273,0.0190603390751568,-0.0190969352004631,0.768979194439655,0.114093203519347
"203875_at","turquoise",1,0.162938069337197,0.0116478960278656,0.692436890233611,1.86514939107192e-35,0.565002727599284,1.47556263524454e-21,0.461503812024383,5.21667582151562e-14,0.145418776843524,0.0245572125290795,-0.190694181077693,0.0030782579710471,0.112824330032517
"211640_x_at","yellow",4,-0.133189406430029,0.0396440713318668,0.220349109793335,0.000601534637467545,0.116901742120451,0.0712356556128968,0.52716593675092,1.70241462308668e-18,0.868836105969933,2.61075234200241e-74,-0.327809622801885,2.15746587977672e-07,0.115719765239113
"234792_x_at","yellow",4,-0.135629316905405,0.036128538419185,0.19683209658507,0.0022359562051211,0.150269857850628,0.0201175298475192,0.516912951876107,9.92403755546593e-18,0.78050348534273,2.9449229522702e-50,-0.344128649560371,4.7645613181152e-08,0.105859154559322
"216541_x_at","yellow",4,-0.126886493028864,0.0500823999074561,0.197197612488108,0.00219314121203233,0.080339054398456,0.215901007694252,0.522384541082694,3.90235951433684e-18,0.830969633362095,2.72425725655352e-62,-0.372774925281976,2.7054698416576e-09,0.105438822590797
"211642_at","yellow",4,-0.139596130041749,0.0309773418521855,0.180655159667597,0.00508965009322856,0.126183187317317,0.0513776583413153,0.421279458443229,1.0630879924773e-11,0.6880767587987,7.32999869427681e-35,-0.282580373995029,9.14609566336287e-06,0.0960528526999683
"217360_x_at","yellow",4,-0.106959509956228,0.0990206274807969,0.139569274123123,0.0310099898418918,0.0857424847138076,0.186490966817081,0.506996118820296,5.16478928154639e-17,0.842868229821632,1.0138353526638e-65,-0.307218138412494,1.28417221036253e-06,0.0901527728193948
"219159_s_at","yellow",4,-0.115444627672334,0.0748578682169014,0.197462360893909,0.00216259744451621,0.111981663505306,0.0840678639165578,0.660193546712443,2.70315516680606e-31,0.778407135272804,7.92104054169848e-50,-0.321122402014999,3.90747561572111e-07,0.0898629219090571
"211649_x_at","yellow",4,-0.0939926019057957,0.147426632741064,0.15525938356864,0.0162944352072055,0.118122324966528,0.068312476199871,0.493217644411754,4.6829877782461e-16,0.848541682879609,1.85665950329317e-67,-0.333529022799236,1.28341865040483e-07,0.079756640599377
"211634_x_at","yellow",4,-0.0858562851774284,0.185904890065889,0.246168404068624,0.000120525059788117,0.141919090515733,0.0282621508385135,0.56404162953616,1.78502559139719e-21,0.926601586350715,1.19847380554404e-102,-0.333220786389641,1.3202095416833e-07,0.0795545700435846
"205692_s_at","yellow",4,-0.102442807529898,0.114202457023172,0.215635925889471,0.00079153220448275,0.123429983197616,0.0567190539698631,0.65993005659956,2.90912823807673e-31,0.762991251776558,8.32752173198129e-47,-0.300606959117313,2.21413227873511e-06,0.0781629659527417
"211635_x_at","yellow",4,-0.0833278392904365,0.199248001744089,0.235126848022273,0.00024496731536951,0.134990729494987,0.0370221170326009,0.548838116411702,3.34694662368117e-20,0.895148902679907,3.98471015691502e-85,-0.340553589259365,6.68301510080754e-08,0.0745908239035219
"206150_at","yellow",4,-0.0790851058933762,0.223176488856211,0.25293540646693,7.67668157904772e-05,0.219388612910412,0.000636439495171291,0.673391150555836,6.19852926251838e-33,0.847778146555279,3.21104862596618e-67,-0.420709635134011,1.14062321815005e-11,0.0670466244944144
"215214_at","yellow",4,-0.0805671776890734,0.214595880733996,0.225118684007606,0.000452968976293848,0.124500908268075,0.0545892169603754,0.574331086964792,2.2502824680099e-22,0.822515162703268,5.16701263905811e-60,-0.319116465433434,4.65659130339049e-07,0.0662677252654713
"222838_at","yellow",4,-0.0752044149396715,0.246791607849196,0.309177187974557,1.08993467584129e-06,0.167012996327101,0.00969239964695019,0.769196806690009,5.4007406102427e-48,0.847399037101599,4.21008380971763e-67,-0.327344615209185,2.24948061593266e-07,0.0637281488056668
"224342_x_at","yellow",4,-0.065331743557681,0.314519494717587,0.177053250429104,0.00605952135277609,0.124072226510239,0.0554336780509775,0.496687797690331,2.71287247767027e-16,0.915987624220909,5.62447761974409e-96,-0.308366742922151,1.16661401943838e-06,0.0598430685676099
"211639_x_at","yellow",4,-0.0647281105027503,0.319021156760573,0.199938563650331,0.00189512502320229,0.107808730893566,0.0963536280883549,0.56965575355915,5.81849275748293e-22,0.915132111266587,1.77384308808213e-95,-0.339255036678068,7.54904761727329e-08,0.0592347724226788
"216560_x_at","yellow",4,-0.065108976137934,0.316175952753438,0.263013035610793,3.83019272544492e-05,0.195771979574284,0.00236447369968057,0.563752439839524,1.89004403398555e-21,0.907773869037202,2.15465582901808e-91,-0.356109772870597,1.48573430063073e-08,0.0591042271777832
"211881_x_at","yellow",4,-0.061045155778716,0.347389882488987,0.213696253284212,0.000884713624881,0.138589274221578,0.0322215860443384,0.554260474993501,1.19694442943052e-20,0.934980725383367,1.14740685445812e-108,-0.354666495087711,1.71406767322308e-08,0.0570760440311245
"216853_x_at","yellow",4,-0.0646574344416687,0.319550958668216,0.199467099686907,0.0019435976388626,0.112608422363267,0.0823365495201849,0.511432549283031,2.48575046516285e-17,0.844704075374731,2.82786326804606e-66,-0.26344163857241,3.71624917649624e-05,0.054616398376152
"216542_x_at","yellow",4,-0.0564448156229618,0.384992862051914,0.169228783205176,0.00875613354373209,0.121513476963039,0.0607019486997411,0.527667345590038,1.55939261923625e-18,0.929913734906589,6.15350827704923e-105,-0.350627825662925,2.5475352300286e-08,0.0524888093120622
"216491_x_at","yellow",4,-0.0530098941367847,0.414620060209777,0.214927938441767,0.000824440942288505,0.11953400991082,0.0650546064591514,0.58569928634904,2.09457680122725e-23,0.953170223858667,4.40882114798923e-125,-0.346444679029503,3.81800038779507e-08,0.0505274526610833
"1567628_at","blue",2,-0.148165384423579,0.0219499376620126,0.481826613330913,2.69271732722882e-15,0.24769656706586,0.000108971775801242,0.817563213879827,9.81791172030828e-59,0.475407266184351,7.01499268143678e-15,-0.454232064206073,1.4376207038603e-13,0.121134567875081
"229391_s_at","blue",2,-0.143547214217639,0.0264828952078702,0.371887919253592,2.96951510137093e-09,0.188687481184494,0.00341049435914139,0.811496206569246,3.21181506895414e-57,0.601514511823005,6.56908186095556e-25,-0.360787752236565,9.30169146269864e-09,0.116488019801197
"211991_s_at","blue",2,-0.126969756924939,0.0499308717619965,0.531172616920973,8.40937844201767e-19,0.348279205574821,3.19956695976623e-08,0.901548600796818,3.38630295088308e-88,0.581361759557952,5.23940266562928e-23,-0.472856228207533,1.02065573614165e-14,0.114469406699191
"214181_x_at","blue",2,-0.132870665474469,0.0401239579768068,0.5827458497879,3.91622250024881e-23,0.367280373509787,4.79521534816442e-09,0.848625240923334,1.74830124363102e-67,0.473683753563518,9.04066471793455e-15,-0.5147547096174,1.42753056716913e-17,0.112757400499915
"201720_s_at","blue",2,-0.120525547554996,0.0628433602858057,0.681253377367695,5.95057134561045e-34,0.369977430189593,3.62559839614712e-09,0.9206677279589,8.38651274749783e-99,0.459044936013556,7.36937156541005e-14,-0.419228306850447,1.36883905732612e-11,0.110963982028461
"214560_at","blue",2,-0.133865575672014,0.0386420608227984,0.531788644883958,7.53891622353817e-19,0.236477007802229,0.000225013066130935,0.817656007092594,9.29854388644881e-59,0.382824384635774,9.23486593444435e-10,-0.371282711737018,3.1638055258967e-09,0.10945599209113
"211582_x_at","blue",2,-0.13238996984982,0.0408569324545351,0.53269053136437,6.42182351976572e-19,0.312893004199441,7.95961574062825e-07,0.820755643834783,1.48638312230549e-59,0.46596224208594,2.76860565265544e-14,-0.512290847734689,2.15515419716739e-17,0.108659814941357
"221724_s_at","blue",2,-0.133457145251593,0.0392447209739663,0.506651435989722,5.46430505797348e-17,0.202051367860105,0.00169116400573509,0.797347276781957,6.84670619447047e-54,0.388927052654983,4.72192016593439e-10,-0.314340791600343,7.03395650981807e-07,0.106411691333452
"219385_at","blue",2,-0.122199887490711,0.0592497641297102,0.62536026150779,2.43200600662128e-27,0.286963722655592,6.53579657731333e-06,0.868923580542299,2.42548161959223e-74,0.404253096719915,8.23572636510071e-11,-0.435197070621982,1.82712185363193e-12,0.106182363780295
"209671_x_at","blue",2,-0.138073723101851,0.0328749963843199,0.335470384904403,1.07337209868933e-07,0.195297517485778,0.00242414030229734,0.761409592493965,1.6501076097664e-46,0.629980725260446,7.76728022230439e-28,-0.442004623436262,7.49491804142146e-13,0.105130657241105
"213915_at","blue",2,-0.142187828148975,0.0279615996313913,0.222121742807165,0.00054172307552606,0.0972575124738809,0.133811838571619,0.735948092129173,5.02368347616515e-42,0.517307280896974,9.28363498448662e-18,-0.525772504155598,2.17091706152262e-18,0.104642860850229
"203932_at","blue",2,-0.117190188338683,0.070535820570476,0.477420480960838,5.20653988453547e-15,0.276291964653596,1.46669844203437e-05,0.876767399032549,2.63513062403488e-77,0.514878906469836,1.39807190784781e-17,-0.458438445591118,8.02145068689233e-14,0.102748536621842
"222218_s_at","blue",2,-0.1257750297883,0.05214204500232,0.639197210018278,7.51900565485277e-29,0.345883946325538,4.02898231963317e-08,0.812688041667638,1.63512397267687e-57,0.305327566197271,1.50269238561713e-06,-0.399959148056314,1.35555840247332e-10,0.102215862649343
"210152_at","blue",2,-0.135984203949814,0.0356398888832569,0.480291763856853,3.39163534356802e-15,0.19612836613671,0.0023205379702646,0.745691084401576,1.11839181132818e-43,0.313823827804462,7.35198016053659e-07,-0.413813866869801,2.64607860234648e-11,0.101402208504822
"205291_at","blue",2,-0.131548762329924,0.0421667526317312,0.325312520705965,2.69769770792561e-07,0.139441097225812,0.0311662154870816,0.767399972930691,1.20299059247438e-47,0.581091197832858,5.54527465609295e-23,-0.405726885858611,6.92958012662358e-11,0.10095051665105
"223922_x_at","blue",2,-0.116883486933477,0.0712801363919558,0.546011262198007,5.67896417076633e-20,0.395350481147942,2.29601505711362e-10,0.863222554870475,2.63908447243694e-72,0.541465423561685,1.31524637830092e-19,-0.363884915083311,6.79352387896806e-09,0.100896462212886
"204923_at","blue",2,-0.125977201779804,0.0517622495353882,0.412032298810552,3.27850571524161e-11,0.30413093118139,1.65890218709258e-06,0.799640606529566,2.0613891582005e-54,0.589658182271165,8.96254316767842e-24,-0.497789490033177,2.27821023825757e-16,0.1007364860401
"208885_at","blue",2,-0.114537273787965,0.0771879931379977,0.528188470750779,1.42324642372508e-18,0.28926538188162,5.46617212370439e-06,0.878614671289364,4.93443378790766e-78,0.583427069485276,3.391779021262e-23,-0.391488957224644,3.5484024079272e-10,0.100634129159592
"211656_x_at","blue",2,-0.119995497981253,0.0640176257815155,0.487788081307362,1.08678274497887e-15,0.264513773255685,3.44506650610799e-05,0.831222112445707,2.31891703327317e-62,0.505605701037781,6.48101547166129e-17,-0.435445517690533,1.76927288574206e-12,0.0997429113159516
"217362_x_at","blue",2,-0.126409134045218,0.0509585344590131,0.430544147594088,3.32166728097849e-12,0.298354622744952,2.6575614726435e-06,0.787896022926616,8.22484223703449e-52,0.485517984315519,1.53850236529175e-15,-0.507622996742594,4.66074591878452e-17,0.0995972539758251
"204796_at","brown",3,0.175501691177977,0.0065260226549168,0.682110941385694,4.58795635898542e-34,0.77971967470327,4.26866005728524e-50,0.407152039886013,5.85917824902947e-11,0.151007561047398,0.0195073709272191,-0.127834864650677,0.0483789830723697,0.136842121555166
"204797_s_at","brown",3,0.173409436620495,0.00720584364895406,0.77176544478443,1.69719184731973e-48,0.771107880682305,2.2858687197015e-48,0.487439767920259,1.14650859807175e-15,0.192936362623915,0.00274193731977195,-0.181910570881252,0.00478590819527279,0.133717383162742
"235759_at","brown",3,0.138826383619934,0.0319248054622531,0.694668459767619,9.17039683007861e-36,0.894629798340186,6.9296297344931e-85,0.377644185458717,1.61452170868309e-09,0.0931900093423133,0.150929307204227,-0.151135659027484,0.0194030735853203,0.124198219582199
"1557961_s_at","brown",3,0.135336951793765,0.0365353529815918,0.679266508248318,1.08329870416474e-33,0.886536907917095,2.70724813834112e-81,0.366790166381312,5.04380726485981e-09,0.0698441402906582,0.282188021475632,-0.194731221673446,0.0024971463153163,0.11998120277017
"204793_at","brown",3,0.157647424042184,0.0147007917970562,0.59800525630235,1.43988795257522e-24,0.734877231586135,7.55401602983061e-42,0.263048468730837,3.82064934386673e-05,0.0384313881972553,0.554360685650042,0.192607932742892,0.00278901920413985,0.115851502546806
"209242_at","brown",3,0.132035514507922,0.0414046074817967,0.729783326489111,5.11964100460882e-41,0.85504897386012,1.53563088288827e-69,0.404561449360208,7.94404151889906e-11,0.176278391327579,0.00628862751909006,-0.170288942133933,0.00833726685170028,0.112896831193092
"235183_at","brown",3,0.120689546300207,0.0624836445017649,0.637123413595262,1.28040540567896e-28,0.868460542240583,3.57894430808285e-74,0.337180771263967,9.16057863649743e-08,0.0793512632255106,0.221617839873157,-0.103814086120231,0.109412152176233,0.104814108822648
"215306_at","brown",3,0.125304324904285,0.0530352791391336,0.709940387566526,5.94430566545431e-38,0.819553435560832,3.03940364098681e-59,0.348175843063208,3.23167970366313e-08,0.0402329409073606,0.535932212205188,-0.0988954706748319,0.127356131326808,0.102693589965937
"226824_at","brown",3,0.108197661970693,0.0951514010495998,0.665409453206733,6.22116925068017e-32,0.88147131696508,3.50288033597139e-79,0.395643867136722,2.2208058220101e-10,0.136167823947261,0.0353892664174998,-0.258516262820271,5.24175459064069e-05,0.0953731355898497
"222717_at","brown",3,0.11111426374374,0.0865120796900216,0.579974921866242,7.00399248790464e-23,0.818957662213868,4.32397574953079e-59,0.374006511672093,2.37621600423586e-09,0.265962051977598,3.10828918089738e-05,-0.204010402174853,0.00152018287607834,0.0909978776741881
"37512_at","brown",3,0.118551137677961,0.0673090678185867,0.694854619328884,8.64051872887831e-36,0.759320035193865,4.03976182549812e-46,0.407718447668651,5.47998752186732e-11,0.120772708905251,0.0623018827882239,-0.226701098138987,0.000411741328652085,0.0900182540339022
"224352_s_at","brown",3,0.109274404389708,0.0918852830709757,0.688252642246781,6.93952315736513e-35,0.823187348086666,3.44023630811127e-60,0.461556297622773,5.1781918053541e-14,0.145465527871039,0.0245106950577629,-0.201709783626364,0.00172271689850278,0.0899533071633141
"204424_s_at","brown",3,0.0982972384431526,0.129685455260113,0.56092747701566,3.29403548645027e-21,0.905689025619562,2.68238925759474e-90,0.240259666286451,0.000176886345979794,0.0379261463789554,0.559583670292884,-0.100718362799628,0.120457543830679,0.0890267301066727
"212136_at","brown",3,0.111371353107408,0.0857817625290173,0.696234834215425,5.5498225699939e-36,0.76688770948018,1.50954435394184e-47,0.435409568231213,1.77753158992385e-12,0.0852236092354158,0.189180393855492,-0.169529185833739,0.00863558814804376,0.0854093218862484
"227526_at","brown",3,0.113227957382768,0.0806535353212537,0.490559003418537,7.08536226770874e-16,0.741635565717488,5.56493028290564e-43,0.179310494315084,0.00543409035503097,-0.022208314275235,0.732671254199384,-0.0976727440634733,0.132151957102278,0.0839738802286046
"220595_at","brown",3,0.0892384441824082,0.169098893248354,0.596623917153477,1.95588201401114e-24,0.922682436140675,4.49517598391314e-100,0.298560379603742,2.61377727151283e-06,0.0766160903550793,0.238007610252174,-0.209899219875219,0.00109699244600032,0.082338745075628
"202565_s_at","brown",3,0.104256440245367,0.107901006557904,0.59094015665736,6.79145499986844e-24,0.755958384860804,1.67364644266065e-45,0.281623757173441,9.83466590966306e-06,-0.022071042709259,0.734261329021707,-0.0638878530466539,0.325356892610571,0.0788135301792244
"1556325_at","brown",3,0.0910486820358824,0.160582590058443,0.619436407264452,1.02209004542275e-26,0.865547918210936,3.99965221581457e-73,0.337187174057317,9.1551290333788e-08,0.0730588537279117,0.260569924368513,-0.167549413732297,0.00945795263725678,0.0788069971920075
"205700_at","brown",3,0.0971505014597688,0.134242199738811,0.698805927117833,2.41660026143843e-36,0.76492221294816,3.5872786383835e-47,0.418295872313466,1.53466569926999e-11,0.138229582747398,0.0326762811845454,-0.246883729980182,0.000114981096722265,0.0743125765656298
"229461_x_at","brown",3,0.0916994283206943,0.157601166273583,0.604577876376194,3.28499768602706e-25,0.809438858883756,1.01858224985233e-56,0.381795151088712,1.03269804327093e-09,0.239688190412724,0.000183481063868051,-0.0591869326922653,0.36229034638013,0.0742250806201956
