"Arm","k","C_train","C_test"
"Gene",2,0.667256637168142,0.544303797468354
"Pathway",2,0.612979351032448,0.614828209764919
"Gene",3,0.673628318584071,0.54249547920434
"Pathway",3,0.612507374631268,0.620253164556962
"Gene",5,0.696283185840708,0.564195298372514
"Pathway",5,0.624070796460177,0.61121157323689
"Gene",7,0.697817109144543,0.564195298372514
"Pathway",7,0.645073746312684,0.603978300180832
"Gene",10,0.732861356932153,0.468354430379747
"Pathway",10,0.645427728613569,0.589511754068716
"Gene",15,0.734985250737463,0.466546112115732
"Pathway",15,0.661002949852507,0.618444846292948
"Gene",20,0.750914454277286,0.50994575045208
"Pathway",20,0.711032448377581,0.61121157323689
"Gene",30,0.809911504424779,0.508137432188065
"Pathway",30,0.730265486725664,0.540687160940326
"Gene",50,0.850147492625369,0.647377938517179
"Pathway",50,0.773569321533923,0.566003616636528
"Gene",2,0.677577350376299,0.410652920962199
"Pathway",2,0.597180743041453,0.570446735395189
"Gene",3,0.700155298052801,0.414089347079038
"Pathway",3,0.604348345478437,0.572164948453608
"Gene",5,0.742444152431012,0.481099656357388
"Pathway",5,0.61259108828097,0.597938144329897
"Gene",7,0.740413331740533,0.479381443298969
"Pathway",7,0.626448452992474,0.601374570446735
"Gene",10,0.749253374746147,0.486254295532646
"Pathway",10,0.662525385258631,0.594501718213058
"Gene",15,0.760960458726556,0.503436426116838
"Pathway",15,0.686656313463147,0.616838487972509
"Gene",20,0.777565404372238,0.436426116838488
"Pathway",20,0.714729423008004,0.601374570446735
"Gene",30,0.798231991398877,0.527491408934708
"Pathway",30,0.747222554055668,0.54639175257732
"Gene",50,0.860470672560029,0.510309278350515
"Pathway",50,0.775176203559909,0.520618556701031
"Gene",2,0.680993314231137,0.48881239242685
"Pathway",2,0.603987583572111,0.540447504302926
"Gene",3,0.702722063037249,0.48881239242685
"Pathway",3,0.622612225405922,0.542168674698795
"Gene",5,0.724570200573066,0.533562822719449
"Pathway",5,0.624641833810888,0.545611015490534
"Gene",7,0.754417382999045,0.46815834767642
"Pathway",7,0.640878701050621,0.500860585197935
"Gene",10,0.763490926456542,0.475043029259897
"Pathway",10,0.670487106017192,0.537005163511188
"Gene",15,0.784264565425024,0.430292598967298
"Pathway",15,0.681351480420248,0.586919104991394
"Gene",20,0.796919770773639,0.471600688468158
"Pathway",20,0.686604584527221,0.533562822719449
"Gene",30,0.844914040114613,0.55421686746988
"Pathway",30,0.722898758357211,0.598967297762478
"Gene",50,0.880372492836676,0.464716006884682
"Pathway",50,0.771728748806113,0.542168674698795
"Gene",2,0.697826086956522,0.489711934156379
"Pathway",2,0.59370709382151,0.58641975308642
"Gene",3,0.720480549199085,0.565843621399177
"Pathway",3,0.59370709382151,0.576131687242798
"Gene",5,0.732265446224256,0.547325102880658
"Pathway",5,0.604576659038902,0.606995884773663
"Gene",7,0.746567505720824,0.518518518518518
"Pathway",7,0.641189931350114,0.635802469135803
"Gene",10,0.750686498855835,0.477366255144033
"Pathway",10,0.646224256292906,0.666666666666667
"Gene",15,0.751601830663616,0.45679012345679
"Pathway",15,0.679061784897025,0.648148148148148
"Gene",20,0.767848970251716,0.493827160493827
"Pathway",20,0.687070938215103,0.641975308641975
"Gene",30,0.815446224256293,0.465020576131687
"Pathway",30,0.726887871853547,0.549382716049383
"Gene",50,0.883752860411899,0.465020576131687
"Pathway",50,0.74279176201373,0.623456790123457
"Gene",2,0.69453195319532,0.515991471215352
"Pathway",2,0.606773177317732,0.524520255863539
"Gene",3,0.746062106210621,0.475479744136461
"Pathway",3,0.607673267326733,0.513859275053305
"Gene",5,0.73987398739874,0.388059701492537
"Pathway",5,0.628487848784879,0.590618336886994
"Gene",7,0.743361836183618,0.358208955223881
"Pathway",7,0.634225922592259,0.609808102345416
"Gene",10,0.767664266426643,0.415778251599147
"Pathway",10,0.651215121512151,0.61407249466951
"Gene",15,0.778127812781278,0.415778251599147
"Pathway",15,0.698357335733573,0.569296375266525
"Gene",20,0.780490549054905,0.454157782515991
"Pathway",20,0.70049504950495,0.577825159914712
"Gene",30,0.79489198919892,0.456289978678038
"Pathway",30,0.729635463546355,0.528784648187633
"Gene",50,0.868474347434743,0.53091684434968
"Pathway",50,0.771377137713771,0.456289978678038
"Gene",2,0.676034985422741,0.574585635359116
"Pathway",2,0.597551020408163,0.552486187845304
"Gene",3,0.692594752186589,0.5451197053407
"Pathway",3,0.620874635568513,0.559852670349908
"Gene",5,0.720932944606414,0.451197053406998
"Pathway",5,0.624723032069971,0.535911602209945
"Gene",7,0.73667638483965,0.528545119705341
"Pathway",7,0.628454810495627,0.556169429097606
"Gene",10,0.734110787172012,0.489871086556169
"Pathway",10,0.673586005830904,0.550644567219153
"Gene",15,0.786588921282799,0.447513812154696
"Pathway",15,0.680233236151603,0.574585635359116
"Gene",20,0.795918367346939,0.465930018416206
"Pathway",20,0.706588921282799,0.550644567219153
"Gene",30,0.81131195335277,0.464088397790055
"Pathway",30,0.727230320699708,0.532228360957643
"Gene",50,0.855276967930029,0.401473296500921
"Pathway",50,0.765597667638484,0.60036832412523
"Gene",2,0.696071512585274,0.509090909090909
"Pathway",2,0.610679840037638,0.610909090909091
"Gene",3,0.70418725005881,0.527272727272727
"Pathway",3,0.608562691131499,0.609090909090909
"Gene",5,0.721359680075276,0.536363636363636
"Pathway",5,0.611856033874382,0.612727272727273
"Gene",7,0.745589273112209,0.527272727272727
"Pathway",7,0.60726887791108,0.609090909090909
"Gene",10,0.746647847565279,0.541818181818182
"Pathway",10,0.668430957421783,0.589090909090909
"Gene",15,0.757939308398024,0.609090909090909
"Pathway",15,0.710538696777229,0.665454545454545
"Gene",20,0.806633733239238,0.492727272727273
"Pathway",20,0.712891084450717,0.632727272727273
"Gene",30,0.838155728063985,0.525454545454546
"Pathway",30,0.724417784050812,0.647272727272727
"Gene",50,0.896847800517525,0.430909090909091
"Pathway",50,0.76899553046342,0.527272727272727
"Gene",2,0.665207618596948,0.532627865961199
"Pathway",2,0.615047911983911,0.536155202821869
"Gene",3,0.686028628889152,0.589065255731922
"Pathway",3,0.614456406009701,0.536155202821869
"Gene",5,0.701289483023779,0.557319223985891
"Pathway",5,0.629007452975275,0.523809523809524
"Gene",7,0.704720217674198,0.53968253968254
"Pathway",7,0.657044836152845,0.566137566137566
"Gene",10,0.725304625576718,0.587301587301587
"Pathway",10,0.667337040104105,0.576719576719577
"Gene",15,0.788832367206909,0.458553791887125
"Pathway",15,0.697267242399148,0.573192239858907
"Gene",20,0.794984029338696,0.485008818342152
"Pathway",20,0.713356204897669,0.603174603174603
"Gene",30,0.826570448361528,0.472663139329806
"Pathway",30,0.749792972909026,0.506172839506173
"Gene",50,0.851058795693836,0.430335097001764
"Pathway",50,0.77972317520407,0.525573192239859
"Gene",2,0.672381399718178,0.589318600368324
"Pathway",2,0.600399248473462,0.607734806629834
"Gene",3,0.684593705965242,0.537753222836096
"Pathway",3,0.601808360732738,0.604051565377532
"Gene",5,0.722992015030531,0.602209944751381
"Pathway",5,0.627407233442931,0.664825046040516
"Gene",7,0.755049318929075,0.604051565377532
"Pathway",7,0.625410991075622,0.705340699815838
"Gene",10,0.77372005636449,0.543278084714549
"Pathway",10,0.653006106153123,0.646408839779006
"Gene",15,0.809534992954439,0.561694290976059
"Pathway",15,0.660873649600752,0.688766114180479
"Gene",20,0.83419445749178,0.587476979742173
"Pathway",20,0.683889149835604,0.716390423572744
"Gene",30,0.839243776420855,0.523020257826888
"Pathway",30,0.723226867073744,0.651933701657459
"Gene",50,0.898426491310474,0.558011049723757
"Pathway",50,0.750352278064819,0.615101289134438
"Gene",2,0.661978221415608,0.53125
"Pathway",2,0.605376588021779,0.535416666666667
"Gene",3,0.718806715063521,0.564583333333333
"Pathway",3,0.605263157894737,0.5375
"Gene",5,0.749432849364791,0.525
"Pathway",5,0.607872050816697,0.539583333333333
"Gene",7,0.756238656987296,0.539583333333333
"Pathway",7,0.61785390199637,0.610416666666667
"Gene",10,0.788566243194192,0.45
"Pathway",10,0.62568058076225,0.602083333333333
"Gene",15,0.806715063520871,0.435416666666667
"Pathway",15,0.671052631578947,0.625
"Gene",20,0.809323956442831,0.445833333333333
"Pathway",20,0.662205081669691,0.58125
"Gene",30,0.838929219600726,0.520833333333333
"Pathway",30,0.682509074410163,0.604166666666667
"Gene",50,0.887931034482759,0.483333333333333
"Pathway",50,0.746710526315789,0.522916666666667
"Gene",2,0.625913699599151,0.474060822898032
"Pathway",2,0.599269040320679,0.570661896243292
"Gene",3,0.691110587125678,0.445438282647585
"Pathway",3,0.621079933977835,0.652951699463327
"Gene",5,0.72199952841311,0.431127012522361
"Pathway",5,0.62473473237444,0.645796064400716
"Gene",7,0.738151379391653,0.452593917710197
"Pathway",7,0.633341193114831,0.670840787119857
"Gene",10,0.778707851921717,0.516994633273703
"Pathway",10,0.646663522754067,0.644007155635063
"Gene",15,0.796156566847442,0.45438282647585
"Pathway",15,0.666941759019099,0.570661896243292
"Gene",20,0.815963216222589,0.465116279069767
"Pathway",20,0.723178495637821,0.586762075134168
"Gene",30,0.813251591605753,0.449016100178891
"Pathway",30,0.733789200660222,0.567084078711986
"Gene",50,0.850624852629097,0.465116279069767
"Pathway",50,0.752770572978071,0.547406082289803
"Gene",2,0.676501457725947,0.540076335877863
"Pathway",2,0.628804664723032,0.480916030534351
"Gene",3,0.701690962099125,0.530534351145038
"Pathway",3,0.632536443148688,0.49236641221374
"Gene",5,0.753702623906706,0.509541984732824
"Pathway",5,0.633119533527697,0.513358778625954
"Gene",7,0.779941690962099,0.517175572519084
"Pathway",7,0.643148688046647,0.520992366412214
"Gene",10,0.775510204081633,0.515267175572519
"Pathway",10,0.647580174927114,0.547709923664122
"Gene",15,0.786122448979592,0.562977099236641
"Pathway",15,0.67533527696793,0.50763358778626
"Gene",20,0.794169096209912,0.551526717557252
"Pathway",20,0.695043731778426,0.541984732824427
"Gene",30,0.798950437317784,0.543893129770992
"Pathway",30,0.743790087463557,0.532442748091603
"Gene",50,0.853177842565598,0.570610687022901
"Pathway",50,0.775626822157434,0.419847328244275
"Gene",2,0.680379015484169,0.637450199203187
"Pathway",2,0.596487173561359,0.675298804780876
"Gene",3,0.697365380171019,0.627490039840637
"Pathway",3,0.602380402126184,0.661354581673307
"Gene",5,0.717818349896002,0.683266932270916
"Pathway",5,0.603304830136353,0.595617529880478
"Gene",7,0.740235729142593,0.625498007968127
"Pathway",7,0.6358909174948,0.709163346613546
"Gene",10,0.758146521839612,0.591633466135458
"Pathway",10,0.643864109082505,0.693227091633466
"Gene",15,0.783568292119251,0.551792828685259
"Pathway",15,0.65183730067021,0.699203187250996
"Gene",20,0.805870117864571,0.577689243027888
"Pathway",20,0.685463369540097,0.643426294820717
"Gene",30,0.852207071874278,0.577689243027888
"Pathway",30,0.749248902241738,0.5
"Gene",50,0.883753177721285,0.573705179282869
"Pathway",50,0.770626299976889,0.466135458167331
"Gene",2,0.680705882352941,0.503663003663004
"Pathway",2,0.601294117647059,0.54029304029304
"Gene",3,0.714352941176471,0.523809523809524
"Pathway",3,0.631764705882353,0.534798534798535
"Gene",5,0.740235294117647,0.485347985347985
"Pathway",5,0.628235294117647,0.536630036630037
"Gene",7,0.756470588235294,0.509157509157509
"Pathway",7,0.638823529411765,0.554945054945055
"Gene",10,0.779529411764706,0.531135531135531
"Pathway",10,0.667647058823529,0.587912087912088
"Gene",15,0.781294117647059,0.532967032967033
"Pathway",15,0.703411764705882,0.600732600732601
"Gene",20,0.803764705882353,0.527472527472527
"Pathway",20,0.704941176470588,0.591575091575092
"Gene",30,0.843882352941176,0.452380952380952
"Pathway",30,0.719294117647059,0.545787545787546
"Gene",50,0.888823529411765,0.472527472527473
"Pathway",50,0.762,0.565934065934066
"Gene",2,0.681913164615742,0.462135922330097
"Pathway",2,0.629672625957743,0.512621359223301
"Gene",3,0.712212677037381,0.522330097087379
"Pathway",3,0.63431622939401,0.524271844660194
"Gene",5,0.726375667517994,0.464077669902913
"Pathway",5,0.63361968887857,0.518446601941748
"Gene",7,0.728465289064314,0.502912621359223
"Pathway",7,0.646273508242396,0.549514563106796
"Gene",10,0.747155792895287,0.485436893203884
"Pathway",10,0.664964012073369,0.586407766990291
"Gene",15,0.772695611794753,0.483495145631068
"Pathway",15,0.696076155096355,0.566990291262136
"Gene",20,0.780009287206873,0.500970873786408
"Pathway",20,0.704550731367541,0.568932038834951
"Gene",30,0.804156025075459,0.512621359223301
"Pathway",30,0.722080334339447,0.590291262135922
"Gene",50,0.865219410262364,0.403883495145631
"Pathway",50,0.767123287671233,0.590291262135922
"Gene",2,0.667638144089531,0.482824427480916
"Pathway",2,0.593961296339473,0.58206106870229
"Gene",3,0.680694800652833,0.5
"Pathway",3,0.605968757286081,0.540076335877863
"Gene",5,0.694917230123572,0.526717557251908
"Pathway",5,0.611914199114013,0.587786259541985
"Gene",7,0.725693634879925,0.467557251908397
"Pathway",7,0.630333411051527,0.604961832061069
"Gene",10,0.721147120540919,0.501908396946565
"Pathway",10,0.635812543716484,0.620229007633588
"Gene",15,0.756236885054791,0.480916030534351
"Pathway",15,0.634530193518303,0.599236641221374
"Gene",20,0.774539519701562,0.543893129770992
"Pathway",20,0.680111914199114,0.572519083969466
"Gene",30,0.78036838423875,0.463740458015267
"Pathway",30,0.721380275122406,0.562977099236641
"Gene",50,0.837957565866169,0.574427480916031
"Pathway",50,0.749591979482397,0.557251908396947
"Gene",2,0.677721786007266,0.473977695167286
"Pathway",2,0.641157857728818,0.444237918215613
"Gene",3,0.702800890659791,0.410780669144981
"Pathway",3,0.643970467596391,0.434944237918216
"Gene",5,0.720614086487753,0.446096654275093
"Pathway",5,0.649361303175905,0.446096654275093
"Gene",7,0.739716395171686,0.453531598513011
"Pathway",7,0.645259580452361,0.453531598513011
"Gene",10,0.762920426579163,0.552044609665427
"Pathway",10,0.669518340560178,0.401486988847584
"Gene",15,0.773116137349115,0.570631970260223
"Pathway",15,0.685456463143091,0.49814126394052
"Gene",20,0.790812141099262,0.604089219330855
"Pathway",20,0.709246454939646,0.513011152416357
"Gene",30,0.802882925114262,0.533457249070632
"Pathway",30,0.739130434782609,0.470260223048327
"Gene",50,0.867807336224071,0.544609665427509
"Pathway",50,0.785772881753193,0.468401486988848
"Gene",2,0.675698158051099,0.599290780141844
"Pathway",2,0.590374331550802,0.673758865248227
"Gene",3,0.70291146761735,0.624113475177305
"Pathway",3,0.595959595959596,0.689716312056738
"Gene",5,0.740106951871658,0.645390070921986
"Pathway",5,0.597860962566845,0.664893617021277
"Gene",7,0.770647653000594,0.620567375886525
"Pathway",7,0.598811645870469,0.627659574468085
"Gene",10,0.785858585858586,0.562056737588652
"Pathway",10,0.689007724301842,0.661347517730496
"Gene",15,0.795365418894831,0.562056737588652
"Pathway",15,0.700772430184195,0.647163120567376
"Gene",20,0.806773618538324,0.562056737588652
"Pathway",20,0.720023767082591,0.643617021276596
"Gene",30,0.829471182412359,0.471631205673759
"Pathway",30,0.734878193701723,0.617021276595745
"Gene",50,0.877124183006536,0.595744680851064
"Pathway",50,0.765300059417707,0.583333333333333
"Gene",2,0.698093587521664,0.488188976377953
"Pathway",2,0.609936452917389,0.529527559055118
"Gene",3,0.710571923743501,0.419291338582677
"Pathway",3,0.617331022530329,0.492125984251969
"Gene",5,0.714615829000578,0.387795275590551
"Pathway",5,0.625996533795494,0.549212598425197
"Gene",7,0.737954939341421,0.362204724409449
"Pathway",7,0.64055459272097,0.531496062992126
"Gene",10,0.735066435586366,0.368110236220472
"Pathway",10,0.670132871172733,0.535433070866142
"Gene",15,0.754015020219526,0.381889763779528
"Pathway",15,0.686655112651646,0.551181102362205
"Gene",20,0.783015597920277,0.464566929133858
"Pathway",20,0.705372616984402,0.55511811023622
"Gene",30,0.806354708261121,0.498031496062992
"Pathway",30,0.752512998266898,0.588582677165354
"Gene",50,0.846100519930676,0.474409448818898
"Pathway",50,0.783246678220682,0.578740157480315
"Gene",2,0.630769230769231,0.481481481481481
"Pathway",2,0.604858299595142,0.528265107212476
"Gene",3,0.682591093117409,0.463937621832359
"Pathway",3,0.625332562174667,0.545808966861598
"Gene",5,0.713475997686524,0.549707602339181
"Pathway",5,0.626026604973973,0.516569200779727
"Gene",7,0.711393869288606,0.530214424951267
"Pathway",7,0.633545401966455,0.538011695906433
"Gene",10,0.732215153267785,0.559454191033138
"Pathway",10,0.652631578947368,0.563352826510721
"Gene",15,0.739733950260266,0.606237816764133
"Pathway",15,0.676344707923655,0.54775828460039
"Gene",20,0.765413533834586,0.553606237816764
"Pathway",20,0.693117408906883,0.58869395711501
"Gene",30,0.788895315211105,0.555555555555556
"Pathway",30,0.743435511856565,0.495126705653021
"Gene",50,0.834817813765182,0.454191033138402
"Pathway",50,0.766338924233661,0.504873294346979
"Gene",2,0.657487091222031,0.46734693877551
"Pathway",2,0.609064830751578,0.520408163265306
"Gene",3,0.705794606999426,0.508163265306122
"Pathway",3,0.617441193344808,0.516326530612245
"Gene",5,0.735169248422261,0.489795918367347
"Pathway",5,0.628915662650602,0.553061224489796
"Gene",7,0.733907056798623,0.481632653061224
"Pathway",7,0.632128514056225,0.557142857142857
"Gene",10,0.731612162937464,0.477551020408163
"Pathway",10,0.660585197934596,0.612244897959184
"Gene",15,0.742512908777969,0.497959183673469
"Pathway",15,0.668846815834768,0.646938775510204
"Gene",20,0.775903614457831,0.518367346938776
"Pathway",20,0.692943201376936,0.63265306122449
"Gene",30,0.803212851405622,0.548979591836735
"Pathway",30,0.725071715433161,0.577551020408163
"Gene",50,0.852782558806655,0.6
"Pathway",50,0.757659208261618,0.559183673469388
"Gene",2,0.662414363335696,0.570127504553734
"Pathway",2,0.593668792818332,0.588342440801457
"Gene",3,0.668320340184266,0.555555555555556
"Pathway",3,0.601110323647531,0.597449908925319
"Gene",5,0.706945428773919,0.537340619307832
"Pathway",5,0.613394755492559,0.586520947176685
"Gene",7,0.721001653673518,0.482695810564663
"Pathway",7,0.623080557524215,0.602914389799636
"Gene",10,0.728915662650602,0.497267759562842
"Pathway",10,0.643042759272384,0.597449908925319
"Gene",15,0.789983463264824,0.519125683060109
"Pathway",15,0.645050791400898,0.608378870673953
"Gene",20,0.799196787148594,0.486338797814208
"Pathway",20,0.667021025277581,0.577413479052823
"Gene",30,0.838294353886133,0.451730418943534
"Pathway",30,0.691826128041578,0.599271402550091
"Gene",50,0.869123553035672,0.418943533697632
"Pathway",50,0.745806756437515,0.633879781420765
"Gene",2,0.642857142857143,0.58955223880597
"Pathway",2,0.609382366808109,0.569029850746269
"Gene",3,0.654644035832155,0.569029850746269
"Pathway",3,0.61044318717586,0.576492537313433
"Gene",5,0.67975011786893,0.542910447761194
"Pathway",5,0.61032531824611,0.544776119402985
"Gene",7,0.733026874115983,0.559701492537313
"Pathway",7,0.634370579915134,0.563432835820896
"Gene",10,0.76001885902876,0.455223880597015
"Pathway",10,0.649339933993399,0.578358208955224
"Gene",15,0.76037246581801,0.477611940298507
"Pathway",15,0.703323903818953,0.509328358208955
"Gene",20,0.769448373408769,0.503731343283582
"Pathway",20,0.721829325789722,0.541044776119403
"Gene",30,0.800565770862801,0.51865671641791
"Pathway",30,0.723597359735974,0.582089552238806
"Gene",50,0.873290900518623,0.513059701492537
"Pathway",50,0.763201320132013,0.537313432835821
"Gene",2,0.691543465405086,0.490974729241877
"Pathway",2,0.593731519810763,0.581227436823105
"Gene",3,0.726670609107037,0.449458483754513
"Pathway",3,0.618568894145476,0.570397111913357
"Gene",5,0.766292134831461,0.478339350180505
"Pathway",5,0.623181549379066,0.615523465703971
"Gene",7,0.761561206386753,0.516245487364621
"Pathway",7,0.628622117090479,0.613718411552347
"Gene",10,0.77551744529864,0.537906137184116
"Pathway",10,0.665996451803667,0.608303249097473
"Gene",15,0.809934949733885,0.509025270758123
"Pathway",15,0.68622117090479,0.574007220216607
"Gene",20,0.815848610289769,0.525270758122744
"Pathway",20,0.68976936723832,0.588447653429603
"Gene",30,0.83926670609107,0.581227436823105
"Pathway",30,0.746303962152572,0.548736462093863
"Gene",50,0.879361324659965,0.586642599277978
"Pathway",50,0.76274393849793,0.525270758122744
"Gene",2,0.680258005067957,0.445344129554656
"Pathway",2,0.617484450587422,0.487854251012146
"Gene",3,0.709053213545266,0.441295546558704
"Pathway",3,0.635567841511173,0.534412955465587
"Gene",5,0.722644551946556,0.45748987854251
"Pathway",5,0.637871458189357,0.481781376518219
"Gene",7,0.738539507026031,0.504048582995951
"Pathway",7,0.653651232434923,0.487854251012146
"Gene",10,0.760539046302695,0.54251012145749
"Pathway",10,0.694310066804884,0.491902834008097
"Gene",15,0.776894724717807,0.552631578947368
"Pathway",15,0.719649850264916,0.481781376518219
"Gene",20,0.818359824925132,0.625506072874494
"Pathway",20,0.750518313752592,0.483805668016194
"Gene",30,0.849919373416264,0.576923076923077
"Pathway",30,0.759963142133149,0.508097165991903
"Gene",50,0.879520847730938,0.572874493927126
"Pathway",50,0.791868233126008,0.473684210526316
