"ID","Description","GeneRatio","BgRatio","RichFactor","FoldEnrichment","zScore","pvalue","p.adjust","qvalue","geneID","Count"
"GO:0031012","extracellular matrix","68/492","512/19979",0.1328125,5.39321328760163,16.0012465790669,1.72246917080945e-30,1.78398824603364e-27,1.78398824603364e-27,"EFEMP2/LOXL1/ADAMTS2/LTBP1/SPARC/NID1/LAMA4/CTSB/MGP/SERPINE1/POSTN/TNC/TGFB1I1/MFAP5/SPARCL1/C1QC/ADAM19/CDH2/COL1A2/LUM/GREM1/AEBP1/IGFBP7/CCDC80/HMCN1/ADAMTS5/HTRA1/ICAM1/COL13A1/SDC2/COL16A1/VWF/PRELP/DCN/MFGE8/THBS4/ELN/OGN/ACTA2/OLFML2A/ADAMTS1/EFEMP1/THBS1/CTSC/EDIL3/SERPINF1/COL12A1/MMP11/CRISPLD2/TIMP2/FGL2/GPC6/ANGPTL2/ANGPTL1/SERPING1/COL4A1/ADAMTS12/COL8A1/LAMB2/LGALS1/PAPLN/COL3A1/A2M/COL6A1/COL8A2/SRPX/COL6A2/MMP2",68
"GO:0030312","external encapsulating structure","68/492","517/19979",0.131528046421663,5.34105455174474,15.89032735158,3.13806199830016e-30,1.78398824603364e-27,1.78398824603364e-27,"EFEMP2/LOXL1/ADAMTS2/LTBP1/SPARC/NID1/LAMA4/CTSB/MGP/SERPINE1/POSTN/TNC/TGFB1I1/MFAP5/SPARCL1/C1QC/ADAM19/CDH2/COL1A2/LUM/GREM1/AEBP1/IGFBP7/CCDC80/HMCN1/ADAMTS5/HTRA1/ICAM1/COL13A1/SDC2/COL16A1/VWF/PRELP/DCN/MFGE8/THBS4/ELN/OGN/ACTA2/OLFML2A/ADAMTS1/EFEMP1/THBS1/CTSC/EDIL3/SERPINF1/COL12A1/MMP11/CRISPLD2/TIMP2/FGL2/GPC6/ANGPTL2/ANGPTL1/SERPING1/COL4A1/ADAMTS12/COL8A1/LAMB2/LGALS1/PAPLN/COL3A1/A2M/COL6A1/COL8A2/SRPX/COL6A2/MMP2",68
"GO:0043292","contractile muscle fiber","37/492","253/19979",0.146245059288538,5.93867894212539,12.5613872204734,2.2509621779539e-18,8.53114665444526e-16,8.53114665444526e-16,"FERMT2/CRYAB/SYNE1/SORBS2/TPM2/PECAM1/LDB3/JPH2/KCNJ8/FBXO32/MYL9/SVIL/ATP2B4/ACTA2/SYNM/PDLIM4/FLNA/SYNC/PPP1R12B/SYNPO2/LMOD1/CSRP2/DES/MYH11/ANK2/PGM5/PALLD/CALD1/PDLIM7/COL6A1/PDLIM3/MMP2/PRKD1/NEXN/ASB2/CFL2/CSRP1",37
"GO:0015629","actin cytoskeleton","50/492","502/19979",0.099601593625498,4.04459398179639,10.9775714939148,3.78328270912797e-17,1.07539811006963e-14,1.07539811006963e-14,"CDH1/SORBS1/FERMT2/CRYAB/DLC1/SORBS2/TPM2/RDX/FILIP1/DIXDC1/WIPF1/CDH2/PHLDB2/RHOQ/LDB3/LCP1/MYLK/GBP1/MYL9/SVIL/PALMD/PRKCB/CLIC4/ACTA2/PDLIM4/FLNA/DPYSL3/PPP1R12B/SYNPO2/LMOD1/FILIP1L/MYH11/ACTG2/HSPB7/PGM5/PALLD/VCAM1/CALD1/HIP1/FYN/PDLIM7/JAM3/MYO5A/PDLIM3/NEXN/ASB2/SMTN/CNN1/EVL/CFL2",50
"GO:0030016","myofibril","34/492","243/19979",0.139917695473251,5.68173910134163,11.6672053000223,2.22419029203133e-16,5.05780872407924e-14,5.05780872407924e-14,"FERMT2/CRYAB/SYNE1/SORBS2/TPM2/LDB3/JPH2/KCNJ8/FBXO32/MYL9/SVIL/ATP2B4/SYNM/PDLIM4/FLNA/SYNC/PPP1R12B/SYNPO2/LMOD1/CSRP2/DES/ANK2/PGM5/PALLD/CALD1/PDLIM7/COL6A1/PDLIM3/MMP2/PRKD1/NEXN/ASB2/CFL2/CSRP1",34
"GO:0030055","cell-substrate junction","43/492","414/19979",0.103864734299517,4.21771041985782,10.5121915174048,1.53723877799699e-15,2.91306748430429e-13,2.91306748430429e-13,"SORBS1/FERMT2/DLC1/MCAM/TNS1/TNC/MAP4K4/TGFB1I1/SORBS2/RDX/DIXDC1/MSN/CDH2/ITGA1/FZD1/PHLDB2/CAV2/HMCN1/FHL1/LCP1/ICAM1/LAYN/DDR2/ITGA11/SVIL/EFS/ITGBL1/TSPAN4/AKAP12/GJA1/ITGA4/FLNA/SYNPO2/CSRP2/PGM5/CAV1/PALLD/PTPRC/PDLIM7/NEXN/CNN1/EVL/CSRP1",43
"GO:0005925","focal adhesion","42/492","403/19979",0.104218362282878,4.23207044725534,10.4149556835391,2.95816280390547e-15,4.80490158291503e-13,4.80490158291503e-13,"SORBS1/FERMT2/DLC1/MCAM/TNS1/TNC/MAP4K4/TGFB1I1/SORBS2/RDX/DIXDC1/MSN/CDH2/ITGA1/FZD1/PHLDB2/CAV2/FHL1/LCP1/ICAM1/LAYN/DDR2/ITGA11/SVIL/EFS/ITGBL1/TSPAN4/AKAP12/GJA1/ITGA4/FLNA/SYNPO2/CSRP2/PGM5/CAV1/PALLD/PTPRC/PDLIM7/NEXN/CNN1/EVL/CSRP1",42
"GO:0005788","endoplasmic reticulum lumen","38/492","338/19979",0.112426035502959,4.56536537258864,10.5042889019539,5.70032431637908e-15,8.10158593465376e-13,8.10158593465376e-13,"CDH1/LTBP1/TNC/SPARCL1/CLU/CDH2/COL1A2/IGFBP7/PDGFC/ADAMTS5/FKBP7/COL13A1/SDC2/COL16A1/FAM20C/CHRDL1/PTGIS/CERCAM/MFGE8/CALU/RCN3/THBS1/FSTL1/C3/CTSC/COL12A1/IGFBP5/SERPING1/COL4A1/COL8A1/LAMB2/LGALS1/COL3A1/COL6A1/COL8A2/BCHE/COL6A2/CES2",38
"GO:0030018","Z disc","24/492","134/19979",0.17910447761194,7.27302511831089,11.576837500051,2.34029590258838e-14,2.71516582182298e-12,2.71516582182298e-12,"CRYAB/SORBS2/LDB3/JPH2/FBXO32/MYL9/ATP2B4/PDLIM4/FLNA/SYNC/PPP1R12B/SYNPO2/CSRP2/DES/ANK2/PGM5/PALLD/PDLIM7/PDLIM3/PRKD1/NEXN/ASB2/CFL2/CSRP1",24
"GO:0005614","interstitial matrix","21/492","98/19979",0.214285714285714,8.70165505226481,12.1440641196331,2.38800863836674e-14,2.71516582182298e-12,2.71516582182298e-12,"EFEMP2/LOXL1/LTBP1/TNC/MFAP5/COL1A2/LUM/CCDC80/COL16A1/PRELP/DCN/THBS4/ELN/OGN/THBS1/COL12A1/COL8A1/COL3A1/COL6A1/COL8A2/COL6A2",21
"GO:0031674","I band","25/492","150/19979",0.166666666666667,6.76795392953929,11.2668644450272,3.77535486819143e-14,3.90234407739423e-12,3.90234407739423e-12,"FERMT2/CRYAB/SORBS2/LDB3/JPH2/FBXO32/MYL9/ATP2B4/PDLIM4/FLNA/SYNC/PPP1R12B/SYNPO2/CSRP2/DES/ANK2/PGM5/PALLD/PDLIM7/PDLIM3/PRKD1/NEXN/ASB2/CFL2/CSRP1",25
"GO:0140151","solid phase of interstitial matrix","17/492","64/19979",0.265625,10.7864265752033,12.459770324365,1.62632971408732e-13,1.54094740409773e-11,1.54094740409773e-11,"EFEMP2/LOXL1/LTBP1/MFAP5/COL1A2/LUM/COL16A1/DCN/THBS4/ELN/THBS1/COL12A1/COL8A1/COL3A1/COL6A1/COL8A2/COL6A2",17
"GO:0005911","cell-cell junction","46/492","537/19979",0.0856610800744879,3.47850146099226,9.25106890845335,1.97048495232521e-13,1.72341645445674e-11,1.72341645445674e-11,"TIAM1/CDH1/SORBS1/FERMT2/WWTR1/HEG1/TGFBR1/TGFB1I1/RDX/CDH19/CLDN11/FRMD6/PECAM1/PLXDC1/AMOTL1/MSN/CDH2/LDB3/HMCN1/FRMD4A/ATP1A2/PKD2/CD2/CLMP/CLIC4/SYNM/PDLIM4/GJA1/PTPRM/MPDZ/FLNA/LCP2/CDH5/DES/ABCC2/CDH11/ANK2/PGM5/GJC1/TMEM47/PDLIM7/JAM3/PDLIM3/PMP22/PRKD1/NEXN",46
"GO:0030017","sarcomere","29/492","222/19979",0.130630630630631,5.30461253936864,10.2479292147959,2.2656224517665e-13,1.84000909118465e-11,1.84000909118465e-11,"FERMT2/CRYAB/SYNE1/SORBS2/TPM2/LDB3/JPH2/FBXO32/MYL9/ATP2B4/PDLIM4/FLNA/SYNC/PPP1R12B/SYNPO2/LMOD1/CSRP2/DES/ANK2/PGM5/PALLD/PDLIM7/PDLIM3/MMP2/PRKD1/NEXN/ASB2/CFL2/CSRP1",29
"GO:0005604","basement membrane","20/492","103/19979",0.194174757281553,7.88499486936617,11.1312465570855,7.15559697419046e-13,5.42394250643637e-11,5.42394250643637e-11,"EFEMP2/LOXL1/SPARC/NID1/LAMA4/TNC/CCDC80/HMCN1/COL13A1/COL16A1/THBS4/ACTA2/ADAMTS1/SERPINF1/COL4A1/COL8A1/LAMB2/PAPLN/COL6A1/COL8A2",20
"GO:0098552","side of membrane","54/492","745/19979",0.0724832214765101,2.94337862170568,8.5898744191557,1.23507778148747e-12,8.7767714846953e-11,8.7767714846953e-11,"CDH1/FERMT2/IL2RB/CTSB/HEG1/MCAM/CTLA4/SLAMF7/CD3D/GNG11/GBP5/LILRB4/HLA-DRA/PECAM1/ITGA1/TFPI/JAK3/CLEC4A/CSF2RA/ANTXR1/ICAM1/PKD2/HLA-DQB1/RGMA/RGS2/ACKR3/CD27/MASP1/CD84/IL6ST/CD2/MFGE8/HLA-DPA1/DTNA/LSAMP/THBS1/C3/GEM/CD74/CD8A/RECK/CTSK/CDH5/GPC6/GNB4/GNG2/PGM5/PTPRC/THBD/VCAM1/RGS16/GNB5/OSMR/NEGR1",54
"GO:0032432","actin filament bundle","19/492","95/19979",0.2,8.12154471544715,11.0552913937759,1.54772214297661e-12,1.03515298621435e-10,1.03515298621435e-10,"SORBS1/FERMT2/CRYAB/DIXDC1/LDB3/LCP1/MYLK/MYL9/ACTA2/PDLIM4/PPP1R12B/SYNPO2/PGM5/PALLD/CALD1/PDLIM7/PDLIM3/ASB2/EVL",19
"GO:0001725","stress fiber","18/492","85/19979",0.211764705882353,8.59928263988522,11.1559630400369,2.14566368570485e-12,1.28401032139285e-10,1.28401032139285e-10,"SORBS1/FERMT2/DIXDC1/LDB3/LCP1/MYLK/MYL9/ACTA2/PDLIM4/PPP1R12B/SYNPO2/PGM5/PALLD/CALD1/PDLIM7/PDLIM3/ASB2/EVL",18
"GO:0097517","contractile actin filament bundle","18/492","85/19979",0.211764705882353,8.59928263988522,11.1559630400369,2.14566368570485e-12,1.28401032139285e-10,1.28401032139285e-10,"SORBS1/FERMT2/DIXDC1/LDB3/LCP1/MYLK/MYL9/ACTA2/PDLIM4/PPP1R12B/SYNPO2/PGM5/PALLD/CALD1/PDLIM7/PDLIM3/ASB2/EVL",18
"GO:0042641","actomyosin","18/492","92/19979",0.195652173913043,7.94498939554613,10.6088162419217,8.90957898997808e-12,5.06509565580254e-10,5.06509565580254e-10,"SORBS1/FERMT2/DIXDC1/LDB3/LCP1/MYLK/MYL9/ACTA2/PDLIM4/PPP1R12B/SYNPO2/PGM5/PALLD/CALD1/PDLIM7/PDLIM3/ASB2/EVL",18
"GO:0140149","non-collagenous component of interstitial matrix","13/492","44/19979",0.295454545454545,11.997736511456,11.6039965738155,2.70810398488581e-11,1.46624487181674e-09,1.46624487181674e-09,"EFEMP2/LOXL1/LTBP1/MFAP5/COL16A1/DCN/THBS4/ELN/THBS1/COL8A1/COL6A1/COL8A2/COL6A2",13
"GO:0042383","sarcolemma","21/492","142/19979",0.147887323943662,6.00536757128135,9.51104451474615,4.4962904573371e-11,2.3237646590874e-09,2.3237646590874e-09,"SGCE/CDH2/AHNAK2/CAV2/POPDC2/ATP1A2/KCNJ8/ATP2B4/DTNA/SYNM/SYNC/DES/SGCD/ANK2/PGM5/CAV1/SSPN/VCAM1/COL6A1/CACNA2D1/COL6A2",21
"GO:0098797","plasma membrane protein complex","48/492","727/19979",0.0660247592847318,2.68111517428792,7.33690355763074,5.78139543837649e-10,2.85802026671046e-08,2.85802026671046e-08,"CDH1/SORBS1/KCNMB1/IL2RB/TGFBR1/TRAC/STON1/CD3D/SGCE/CDH19/GNG11/HLA-DRA/C7/CDH2/ITGA1/HLA-DOA/KCNE4/CAV2/COL13A1/ATP1A2/KCNJ8/ITGA11/HLA-DQB1/CHRNA3/ITGBL1/IL6ST/HLA-DPA1/KCNMA1/GJA1/IGHM/ITGA4/CD74/CD8A/HLA-DMB/CDH5/GNB4/GNG2/SGCD/CDH11/PGM5/CAV1/SSPN/VCAM1/GJC1/CYBB/CACNA2D1/GNB5/OSMR",48
"GO:0071953","elastic fiber","11/492","37/19979",0.297297297297297,12.0725664689079,10.7115141372858,8.66576363064057e-10,4.10540552001597e-08,4.10540552001597e-08,"EFEMP2/LOXL1/LTBP1/MFAP5/COL16A1/DCN/ELN/COL8A1/COL6A1/COL8A2/COL6A2",11
"GO:0005581","collagen trimer","11/492","42/19979",0.261904761904762,10.6353561749903,9.93227137628279,3.88170490014042e-09,1.76539938858386e-07,1.76539938858386e-07,"COL1A2/LUM/COL13A1/COL16A1/COL12A1/COL4A1/COL8A1/COL3A1/COL6A1/COL8A2/COL6A2",11
"GO:0045121","membrane raft","27/492","298/19979",0.0906040268456376,3.6792232771321,7.40422354450203,6.58895142759530e-09,2.88139914352917e-07,2.88139914352917e-07,"CDH1/SORBS1/DLC1/TGFBR1/PECAM1/CDH2/TFPI/RHOQ/CAV2/RFTN1/ICAM1/ATP1A2/CHRNA3/PTGIS/ATP2B4/IL6ST/PDPN/KCNMA1/GJA1/CD8A/RECK/LCP2/STOM/CAV1/F2R/PTPRC/FYN",27
"GO:0098857","membrane microdomain","27/492","300/19979",0.09,3.65469512195122,7.36139004433959,7.6045737698611e-09,3.20237050975262e-07,3.20237050975262e-07,"CDH1/SORBS1/DLC1/TGFBR1/PECAM1/CDH2/TFPI/RHOQ/CAV2/RFTN1/ICAM1/ATP1A2/CHRNA3/PTGIS/ATP2B4/IL6ST/PDPN/KCNMA1/GJA1/CD8A/RECK/LCP2/STOM/CAV1/F2R/PTPRC/FYN",27
"GO:0098644","complex of collagen trimers","10/492","35/19979",0.285714285714286,11.6022067363531,9.97493836968333,7.91162159148128e-09,3.21268348196936e-07,3.21268348196936e-07,"COL1A2/LUM/COL16A1/COL12A1/COL4A1/COL8A1/COL3A1/COL6A1/COL8A2/COL6A2",10
"GO:0106139","symbiont cell surface","8/492","20/19979",0.4,16.2430894308943,10.8368901124859,1.24112665909508e-08,4.86607245307276e-07,4.86607245307276e-07,"C1QC/GBP5/GBP1/MASP1/C1S/C3/C1R/CFH",8
"GO:0044853","plasma membrane raft","16/492","121/19979",0.132231404958678,5.36961634079151,7.66045034956653,4.77031982189074e-08,1.80795121249659e-06,1.80795121249659e-06,"CDH1/SORBS1/DLC1/CDH2/TFPI/CAV2/ATP1A2/CHRNA3/PTGIS/ATP2B4/KCNMA1/CD8A/RECK/LCP2/CAV1/F2R",16
"GO:0009897","external side of plasma membrane","29/492","378/19979",0.0767195767195767,3.1154073643911,6.59761335586007,7.34663938396172e-08,2.69455773534338e-06,2.69455773534338e-06,"IL2RB/CTSB/HEG1/MCAM/CTLA4/SLAMF7/CD3D/PECAM1/ITGA1/CLEC4A/CSF2RA/ANTXR1/ICAM1/ACKR3/CD27/MASP1/CD84/IL6ST/CD2/MFGE8/THBS1/CD74/CD8A/CTSK/CDH5/PTPRC/THBD/VCAM1/OSMR",29
"GO:0005912","adherens junction","20/492","199/19979",0.100502512562814,4.08117824896842,6.94090789094151,1.13513870196587e-07,4.0332897004225e-06,4.0332897004225e-06,"CDH1/SORBS1/FERMT2/RDX/CDH19/MSN/CDH2/LDB3/HMCN1/FRMD4A/SYNM/PDLIM4/PTPRM/CDH5/CDH11/PGM5/TMEM47/PDLIM7/PDLIM3/NEXN",20
"GO:0044217","other organism part","9/492","36/19979",0.25,10.1519308943089,8.73282588104085,1.61323553413317e-07,5.55832970396791e-06,5.55832970396791e-06,"C1QC/GBP5/C7/GBP1/MASP1/C1S/C3/C1R/CFH",9
"GO:0005884","actin filament","15/492","122/19979",0.122950819672131,4.99275289884046,7.02880660935191,3.30436922802777e-07,1.10501994478458e-05,1.10501994478458e-05,"TPM2/WIPF1/RHOQ/LDB3/LCP1/PDLIM4/FLNA/DPYSL3/LMOD1/PALLD/FYN/PDLIM7/JAM3/MYO5A/PDLIM3",15
"GO:0072562","blood microparticle","16/492","145/19979",0.110344827586207,4.48085225679843,6.68421637658692,5.9976550154933e-07,1.94838107217597e-05,1.94838107217597e-05,"CLU/C1QC/MSN/IGLC1/C1S/IGHM/C3/IGKC/STOM/IGHD/SERPING1/ACTG2/C1R/CFH/A2M/BCHE",16
"GO:0042613","MHC class II protein complex","6/492","17/19979",0.352941176470588,14.332137733142,8.73792454154965,2.12558914225578e-06,6.71331904095785e-05,6.71331904095785e-05,"HLA-DRA/HLA-DOA/HLA-DQB1/HLA-DPA1/CD74/HLA-DMB",6
"GO:0030027","lamellipodium","18/492","209/19979",0.0861244019138756,3.49731590617342,5.76672650569613,4.5528827342581e-06,0.000138471514687611,0.000138471514687611,"CDH1/FERMT2/SORBS2/RDX/MCC/CDH2/MYLK/ANTXR1/PKD2/PDPN/ACTA2/PDLIM4/PTPRM/DPYSL3/ACTG2/PALLD/CCDC88A/EVL",18
"GO:0005901","caveola","11/492","81/19979",0.135802469135802,5.51462912777276,6.46913089482393,4.62789582948919e-06,0.000138471514687611,0.000138471514687611,"CDH1/SORBS1/DLC1/TFPI/CAV2/ATP1A2/PTGIS/ATP2B4/KCNMA1/CAV1/F2R",11
"GO:0031252","cell leading edge","28/492","439/19979",0.0637813211845103,2.59001426005148,5.3525047693226,4.83949885682839e-06,0.000141090005133689,0.000141090005133689,"CDH1/PLEKHO1/FERMT2/DLC1/STON1/SORBS2/SGCE/RDX/WIPF1/MCC/CDH2/PHLDB2/LCP1/MYLK/ANTXR1/LAYN/PKD2/PDPN/ACTA2/PDLIM4/PTPRM/DPYSL3/ACTG2/PALLD/PDLIM7/MYO5A/CCDC88A/EVL",28
"GO:0001527","microfibril","7/492","29/19979",0.241379310344828,9.80186431174657,7.53682239748826,5.1331771930502e-06,0.000145910561712452,0.000145910561712452,"LOXL1/LTBP1/MFAP5/COL16A1/DCN/COL6A1/COL6A2",7
"GO:0019897","extrinsic component of plasma membrane","12/492","105/19979",0.114285714285714,4.64088269454123,5.94353407124516,1.06601273981096e-05,0.000295623532967087,0.000295623532967087,"CDH1/C1QC/CDH19/GNG11/CDH2/JAK3/DTNA/CDH5/GNB4/GNG2/CDH11/GNB5",12
"GO:0016528","sarcoplasm","11/492","90/19979",0.122222222222222,4.96316621499548,5.9874669757059,1.30154679745578e-05,0.000352347311596957,0.000352347311596957,"SYNE1/PLN/JPH2/THBS4/CALU/THBS1/ITPR1/MEF2C/SGCD/COL6A1/CACNA2D1",11
"GO:0044291","cell-cell contact zone","10/492","75/19979",0.133333333333333,5.41436314363144,6.08575648488418,1.47992798865889e-05,0.000391320493745385,0.000391320493745385,"TIAM1/PECAM1/CDH2/ATP1A2/GJA1/DES/ANK2/PGM5/GJC1/JAM3",10
"GO:0009898","cytoplasmic side of plasma membrane","15/492","168/19979",0.0892857142857143,3.62568960511034,5.43038836221863,1.83766028772287e-05,0.000474868124350206,0.000474868124350206,"CDH1/FERMT2/GNG11/LILRB4/JAK3/RGS2/CD2/DTNA/GEM/GNB4/GNG2/PGM5/PTPRC/RGS16/GNB5",15
"GO:0016529","sarcoplasmic reticulum","10/492","79/19979",0.126582278481013,5.14021817433364,5.85863306166333,2.35597012638057e-05,0.000595275118598823,0.000595275118598823,"SYNE1/PLN/JPH2/THBS4/CALU/THBS1/ITPR1/SGCD/COL6A1/CACNA2D1",10
"GO:0042611","MHC protein complex","6/492","25/19979",0.24,9.74585365853659,6.95253669570122,2.57235453847026e-05,0.000635818937008844,0.000635818937008844,"HLA-DRA/HLA-DOA/HLA-DQB1/HLA-DPA1/CD74/HLA-DMB",6
"GO:0043296","apical junction complex","14/492","157/19979",0.089171974522293,3.62107089223758,5.2389097984655,3.52248390543747e-05,0.000852141319251576,0.000852141319251576,"CDH1/SORBS1/WWTR1/TGFBR1/CLDN11/FRMD6/PLXDC1/AMOTL1/FRMD4A/CLMP/MPDZ/CDH5/JAM3/PMP22",14
"GO:0030175","filopodium","11/492","103/19979",0.106796116504854,4.33674717815139,5.39465260953515,4.68338703946138e-05,0.00108769887744822,0.00108769887744822,"RDX/ARL4C/MSN/LCP1/ANTXR1/PDPN/ACTA2/ACTG2/GAP43/VCAM1/MYO5A",11
"GO:0098794","postsynapse","38/492","775/19979",0.0490322580645161,1.99108838185156,4.4715022220705,4.6875325413336e-05,0.00108769887744822,0.00108769887744822,"CDH1/CRYAB/SYNE1/C1QC/ADGRL2/NLGN4X/DIXDC1/NRP2/MAP1B/KCTD12/ATP7A/PCDH17/COL13A1/ATP1A2/CHRNA3/PALMD/PRICKLE1/CLMP/SRGAP2C/PDLIM4/KCNMA1/MPDZ/FLNA/ITPR1/MEF2C/FXYD6/CAP2/ANK2/FGFR1/F2R/SSPN/GAP43/PRICKLE2/RTN1/HIP1/FYN/GNB5/NEGR1",38
"GO:0098562","cytoplasmic side of membrane","17/492","233/19979",0.0729613733905579,2.96279528245926,4.7884996814856,7.01638323221808e-05,0.00159552554700639,0.00159552554700639,"CDH1/FERMT2/GNG11/LILRB4/JAK3/PKD2/RGS2/CD2/DTNA/C3/GEM/GNB4/GNG2/PGM5/PTPRC/RGS16/GNB5",17
"GO:0031091","platelet alpha granule","10/492","91/19979",0.10989010989011,4.46238720628964,5.26001324904,8.08020868347812e-05,0.00180141123002247,0.00180141123002247,"SPARC/SERPINE1/CLU/PECAM1/VWF/THBS1/SERPING1/PCDH7/VEGFC/A2M",10
"GO:0031941","filamentous actin","6/492","31/19979",0.193548387096774,7.85955940204563,6.07314222265524,9.43482952694858e-05,0.00206296176387318,0.00206296176387318,"LDB3/PDLIM4/DPYSL3/PDLIM7/JAM3/PDLIM3",6
"GO:0140152","collagenous component of interstitial matrix","5/492","21/19979",0.238095238095238,9.66850561362756,6.31511750985629,0.0001302662610951,0.00279457997858733,0.00279457997858733,"COL1A2/LUM/COL16A1/COL12A1/COL3A1",5
"GO:0005602","complement component C1 complex","3/492","5/19979",0.6,24.3646341463415,8.30228289573956,0.000143054446746342,0.00301209085093686,0.00301209085093686,"C1QC/C1S/C1R",3
"GO:0070160","tight junction","12/492","138/19979",0.0869565217391304,3.5311063980205,4.74082833097047,0.000160057830644644,0.00330883188078109,0.00330883188078109,"WWTR1/TGFBR1/CLDN11/PLXDC1/AMOTL1/FRMD4A/CLMP/GJA1/MPDZ/CDH5/JAM3/PMP22",12
"GO:0043202","lysosomal lumen","10/492","100/19979",0.1,4.06077235772358,4.87550747777631,0.000178761181538047,0.00362949041801355,0.00362949041801355,"CTSB/LUM/SDC2/PRELP/DCN/OGN/CD74/CTSK/GPC6/LIPA",10
"GO:0140139","solid phase of basement membrane","5/492","23/19979",0.217391304347826,8.82776599505126,5.96830581021212,0.000206823876430013,0.00412559206141973,0.00412559206141973,"LAMA4/COL4A1/COL8A1/LAMB2/COL8A2",5
"GO:0031093","platelet alpha granule lumen","8/492","67/19979",0.119402985074627,4.84868341220726,5.01392935777466,0.000233016267903846,0.00456792235528747,0.00456792235528747,"SPARC/SERPINE1/CLU/VWF/THBS1/SERPING1/VEGFC/A2M",8
"GO:0014704","intercalated disc","7/492","51/19979",0.137254901960784,5.57360911844412,5.19634932724133,0.000238579876953375,0.00459771728976251,0.00459771728976251,"CDH2/ATP1A2/GJA1/DES/ANK2/PGM5/GJC1",7
"GO:0005796","Golgi lumen","10/492","110/19979",0.0909090909090909,3.69161123429416,4.49786828227597,0.000389371247119575,0.00737858513291596,0.00737858513291595,"CDH1/LUM/PCSK5/TPST1/SDC2/PRELP/DCN/OGN/MMP11/GPC6",10
"GO:0098636","protein complex involved in cell adhesion","6/492","40/19979",0.15,6.09115853658537,5.12130915220769,0.00040783613932428,0.00760179820347059,0.00760179820347059,"CTLA4/ITGA1/ITGA11/ITGBL1/ITGA4/JAM3",6
"GO:0005923","bicellular tight junction","11/492","132/19979",0.0833333333333333,3.38397696476965,4.3664415266824,0.000429519910076585,0.00787684093156576,0.00787684093156576,"WWTR1/TGFBR1/CLDN11/PLXDC1/AMOTL1/FRMD4A/CLMP/MPDZ/CDH5/JAM3/PMP22",11
"GO:0043034","costamere","4/492","16/19979",0.25,10.1519308943089,5.81896685270804,0.000522457895016033,0.00942912105767031,0.00942912105767031,"SVIL/SYNM/ANK2/PGM5",4
"GO:0016010","dystrophin-associated glycoprotein complex","4/492","18/19979",0.222222222222222,9.02393857271906,5.41151371809551,0.000844758529054914,0.0150076632427412,0.0150076632427412,"SGCE/SGCD/PGM5/SSPN",4
"GO:0019898","extrinsic component of membrane","12/492","166/19979",0.072289156626506,2.93549808992066,3.97885153619487,0.000862534742135968,0.0150877231047476,0.0150877231047476,"CDH1/C1QC/CDH19/GNG11/CDH2/JAK3/DTNA/CDH5/GNB4/GNG2/CDH11/GNB5",12
"GO:0016342","catenin complex","5/492","31/19979",0.161290322580645,6.54963283503803,4.91339275823639,0.00088802418707489,0.0152982348591538,0.0152982348591538,"CDH1/CDH19/CDH2/CDH5/CDH11",5
"GO:0090665","glycoprotein complex","4/492","19/19979",0.210526315789474,8.5489944373128,5.2308431850891,0.00104935253152806,0.0175457915933442,0.0175457915933442,"SGCE/SGCD/PGM5/SSPN",4
"GO:0097440","apical dendrite","4/492","19/19979",0.210526315789474,8.5489944373128,5.2308431850891,0.00104935253152806,0.0175457915933442,0.0175457915933442,"CLU/MAP1B/FLNA/NEGR1",4
"GO:0098642","network-forming collagen trimer","3/492","9/19979",0.333333333333333,13.5359078590786,5.97687367476524,0.00111616549728038,0.0181297167201113,0.0181297167201113,"COL4A1/COL8A1/COL8A2",3
"GO:0098645","complex of network-forming collagens","3/492","9/19979",0.333333333333333,13.5359078590786,5.97687367476524,0.00111616549728038,0.0181297167201113,0.0181297167201113,"COL4A1/COL8A1/COL8A2",3
"GO:0031234","extrinsic component of cytoplasmic side of plasma membrane","6/492","49/19979",0.122448979591837,4.97237431557989,4.42364858267778,0.00123298841699464,0.0197451807059564,0.0197451807059564,"GNG11/JAK3/DTNA/GNB4/GNG2/GNB5",6
"GO:0044297","cell body","26/492","555/19979",0.0468468468468468,1.90234380722186,3.42558905370927,0.00140790761199328,0.0222332077060606,0.0222332077060606,"PDE1A/FEZ1/CRYAB/SORBS2/NDN/PLXDC1/ITGA1/MAP1B/ATP7A/ATP1A2/CHRNA3/IL6ST/AKAP12/ACTA2/ITGA4/FLNA/DPYSL3/SERPINF1/CYGB/SLC25A27/ACTG2/GAP43/RTN1/CYBB/FYN/NEGR1",26
"GO:0140143","collagenous component of basement membrane","3/492","10/19979",0.3,12.1823170731707,5.62004388932788,0.00156546183838036,0.0242286561970408,0.0242286561970408,"COL4A1/COL8A1/COL8A2",3
"GO:0031594","neuromuscular junction","8/492","89/19979",0.0898876404494382,3.65013245638074,3.98135823136523,0.0015768870348118,0.0242286561970408,0.0242286561970408,"DTNA/SYNC/TUBA1A/DES/SGCD/F2R/LAMB2/SSPN",8
"GO:0005775","vacuolar lumen","12/492","180/19979",0.0666666666666667,2.70718157181572,3.65578294168449,0.00173064540931944,0.0262365844052828,0.0262365844052828,"CTSB/LUM/SDC2/PRELP/DCN/OGN/C3/CTSC/CD74/CTSK/GPC6/LIPA",12
"GO:0098858","actin-based cell projection","14/492","230/19979",0.0608695652173913,2.47177447861435,3.56712800456659,0.0017666387208011,0.026300812109543,0.026300812109543,"RDX/ARL4C/MSN/LCP1/ANTXR1/PDPN/CLIC4/ACTA2/AOC3/ACTG2/GAP43/VCAM1/JAM3/MYO5A",14
"GO:0098553","lumenal side of endoplasmic reticulum membrane","5/492","36/19979",0.138888888888889,5.63996160794941,4.42747845070963,0.0017811455870139,0.026300812109543,0.026300812109543,"HLA-DRA/PKD2/HLA-DQB1/HLA-DPA1/CD74",5
"GO:0005583","fibrillar collagen trimer","3/492","11/19979",0.272727272727273,11.0748337028825,5.31071515302298,0.00211332932827891,0.0300742984797661,0.0300742984797661,"COL1A2/LUM/COL3A1",3
"GO:0098643","fibrillar collagen complex","3/492","11/19979",0.272727272727273,11.0748337028825,5.31071515302298,0.00211332932827891,0.0300742984797661,0.0300742984797661,"COL1A2/LUM/COL3A1",3
"GO:0043025","neuronal cell body","23/492","483/19979",0.0476190476190476,1.93370112272551,3.30061410683215,0.00211604562742418,0.0300742984797661,0.0300742984797661,"PDE1A/FEZ1/CRYAB/SORBS2/NDN/PLXDC1/ITGA1/MAP1B/ATP7A/ATP1A2/CHRNA3/IL6ST/AKAP12/ITGA4/FLNA/SERPINF1/CYGB/SLC25A27/GAP43/RTN1/CYBB/FYN/NEGR1",23
"GO:0045211","postsynaptic membrane","17/492","319/19979",0.0532915360501567,2.16404796493106,3.33012491066045,0.00250997679442568,0.0352326372254568,0.0352326372254568,"SYNE1/C1QC/ADGRL2/NLGN4X/NRP2/KCTD12/PCDH17/COL13A1/CHRNA3/CLMP/PDLIM4/KCNMA1/FXYD6/ANK2/F2R/SSPN/GNB5",17
"GO:0030426","growth cone","11/492","166/19979",0.0662650602409639,2.69087324909394,3.47597017000622,0.00278024618945915,0.0385504867977446,0.0385504867977446,"FEZ1/MAP1B/TSHZ3/BOC/ITGA4/FLNA/DPYSL3/PALLD/GAP43/BASP1/MYO5A",11
"GO:0005938","cell cortex","17/492","323/19979",0.0526315789473684,2.1372486093282,3.27412432989757,0.0028528992119841,0.0388251330654885,0.0388251330654885,"CDH1/FERMT2/DLC1/CLIP4/RDX/FNBP1/CDH2/PHLDB2/HMCN1/PKD2/MYL9/PRKCB/AKAP12/FLNA/CAV1/HIP1/PRKD1",17
"GO:0002102","podosome","5/492","40/19979",0.125,5.07596544715447,4.10010393480987,0.00286834756156643,0.0388251330654885,0.0388251330654885,"PHLDB2/SVIL/FLNA/PALLD/VCAM1",5
"GO:0048471","perinuclear region of cytoplasm","31/492","743/19979",0.0417227456258412,1.69426572125748,3.06442367383616,0.00313708531737781,0.0419631294806891,0.0419631294806891,"CDH1/CTSB/CTLA4/SORBS2/CLU/BNIP2/GBP5/PLN/MSN/LDB3/CAV2/MAP1B/ATP7A/LCP1/CLIC4/PDLIM4/EML1/PTPRM/LAPTM5/FLNA/SYNC/SERPINF1/ITPR1/ATP7B/STOM/GBP2/CAV1/MEIS2/CYBB/FYN/PRKD1",31
"GO:0030425","dendrite","27/492","620/19979",0.0435483870967742,1.76840086546027,3.08836266301884,0.00320193261213458,0.0423325276743839,0.0423325276743839,"FEZ1/CRYAB/SORBS2/CLU/SGCE/NLGN4X/PLXDC1/MAP1B/ATP7A/SAMD4A/ATP1A2/CHRNA3/PALMD/EPHA3/IL6ST/SRGAP2C/PDLIM4/MPDZ/FLNA/GAP43/PRICKLE2/RTN1/CYBB/FYN/HTR2B/GNB5/NEGR1",27
"GO:0097447","dendritic tree","27/492","622/19979",0.0434083601286174,1.762714689044,3.07060774509245,0.00334437914868784,0.0437075757707825,0.0437075757707825,"FEZ1/CRYAB/SORBS2/CLU/SGCE/NLGN4X/PLXDC1/MAP1B/ATP7A/SAMD4A/ATP1A2/CHRNA3/PALMD/EPHA3/IL6ST/SRGAP2C/PDLIM4/MPDZ/FLNA/GAP43/PRICKLE2/RTN1/CYBB/FYN/HTR2B/GNB5/NEGR1",27
"GO:0030427","site of polarized growth","11/492","171/19979",0.064327485380117,2.61219274473447,3.36419194871962,0.00349127433025164,0.0451088512897285,0.0451088512897285,"FEZ1/MAP1B/TSHZ3/BOC/ITGA4/FLNA/DPYSL3/PALLD/GAP43/BASP1/MYO5A",11
