"ID","Description","setSize","enrichmentScore","NES","pvalue","p.adjust","qvalue","rank","leading_edge","core_enrichment","log2err"
"hsa03013","Nucleocytoplasmic transport",96,0.434827549600816,2.0077224445656,4.00687893205332e-06,0.000176803532876853,0.000136160736138164,3668,"tags=45%, list=21%, signal=36%","3837/10527/3842/5411/57187/5901/3841/7175/9972/1915/5903/26019/79902/7514/387082/55161/53371/57122/10526/10073/55916/64901/3843/3838/79023/51068/4927/23279/1434/23225/25909/55705/57510/65109/348995/9631/3836/55706/10762/4686/9984/23165/4928",0.610526878385931
"hsa05169","Epstein-Barr virus infection",192,-0.430402398054137,-1.90859211145663,2.98934789586086e-07,8.17638127800269e-05,6.29683171848484e-05,4963,"tags=45%, list=28%, signal=33%","3654/894/9612/3665/9636/3569/3113/960/57506/8503/7186/841/3718/5713/9861/596/5714/917/930/5336/5702/9020/916/4792/3109/4615/3451/919/4791/8517/2208/5719/915/10454/1869/3122/6300/5971/3683/1017/10018/5709/1870/3456/3444/5879/7297/5704/11047/5296/3133/6892/4616/4790/208/10379/5600/3111/958/5970/5293/811/3134/637/4940/9641/5708/5603/3112/8819/3106/3280/3107/3627/79685/8717/5609/4939/3661/6890/3383/3135/6891/6773/6772/55080/4793",0.674962860011025
"hsa04650","Natural killer cell mediated cytotoxicity",121,-0.455997222634828,-1.90557726378017,1.67287177690364e-06,0.000118104747449397,9.09553621042327e-05,4415,"tags=45%, list=25%, signal=34%","57292/8503/3265/5880/7409/3809/5336/5594/3451/919/5579/5335/5533/3804/3002/5881/3683/3456/3444/3806/5879/10870/5894/9437/5296/7535/7462/3133/3689/79465/962/51744/1437/5293/7410/3805/80329/637/9436/3802/4772/3808/4277/5777/3106/5595/3107/5605/3810/4068/259197/3383/6464/3135",0.643551836150722
"hsa04380","Osteoclast differentiation",133,-0.451950487388658,-1.90229108795487,2.53027234085198e-06,0.000148864356053458,0.000114644090958808,3703,"tags=40%, list=21%, signal=32%","3710/5336/9020/5594/4792/4689/23547/4791/8517/7132/10454/54/5533/6688/8651/6300/5971/1535/3456/5879/9103/7297/5296/3690/10288/814/4790/208/11006/10859/10379/11027/5600/489/79168/2209/5970/5293/140885/11025/5603/4772/353514/8878/5595/3726/55423/5609/2355/3727/6773/9021/6772",0.627256739718528
"hsa04062","Chemokine signaling pathway",182,-0.430958596509769,-1.90086325816489,7.64339769717069e-07,8.17638127800269e-05,6.29683171848484e-05,5093,"tags=47%, list=29%, signal=34%","5906/3577/6355/2793/10681/6011/6366/10850/51764/6354/2776/8503/3265/5880/3718/6362/58191/7409/94235/1236/1233/5336/409/6375/5594/4792/109/998/8517/6387/5579/5335/6347/2788/2829/6361/3702/2785/5881/6356/57580/6373/5580/115/5879/23533/5894/1234/2931/9564/7074/5296/7454/4790/208/5829/2868/146850/1237/10235/5330/6367/2783/5970/5293/7410/643/6352/2869/10663/108/5595/408/4283/2833/3627/54331/6464/6773/5566/111/6772/6714/2870/4793",0.659444398037935
"hsa05320","Autoimmune thyroid disease",47,-0.522214893029671,-1.89296400450783,0.00038040832734512,0.00473557090929232,0.0036469792800624,7461,"tags=72%, list=42%, signal=42%","7173/355/3567/3120/3445/3115/3117/7252/3105/3119/3449/3452/3108/3565/3441/3113/940/942/7253/3109/3451/3122/3002/1081/3444/1493/3133/3111/958/3134/3112/3106/3107/3135",0.49849310876659
"hsa04662","B cell receptor signaling pathway",82,-0.472524157229315,-1.87753629836243,6.36643137520885e-05,0.00160525019674909,0.00123624253949454,4383,"tags=50%, list=25%, signal=38%","8503/3265/118788/5880/2353/975/7409/930/5336/5594/4775/4792/23547/8517/5579/3635/5533/5881/8519/973/5879/5894/974/5296/10288/4790/208/11006/10859/11027/79168/5970/5293/7410/11025/4772/5777/353514/5595/5605/4793",0.538434096309916
"hsa05332","Graft-versus-host disease",38,-0.543325417518558,-1.85733959199421,0.000389041236174156,0.00473557090929232,0.0036469792800624,6859,"tags=74%, list=39%, signal=45%","3803/3458/3115/3117/3105/3811/3119/3108/3824/3569/3113/57292/940/942/3109/3813/115653/3122/3804/3002/3133/3111/3134/3802/3112/3106/3107/3135",0.49849310876659
"hsa04612","Antigen processing and presentation",68,-0.47573767103487,-1.8252240587218,0.000366295021955659,0.00473557090929232,0.0036469792800624,3613,"tags=46%, list=20%, signal=36%","5720/3109/920/3813/5993/115653/3122/3804/5994/3806/8625/1520/3133/6892/925/3111/811/3805/3134/972/3802/3112/3808/3106/4261/3107/3810/6890/3135/6891/55080",0.49849310876659
"hsa05167","Kaposi sarcoma-associated herpesvirus infection",188,-0.409470245742092,-1.80985407631593,3.56745185467632e-06,0.000176803532876853,0.000136160736138164,5179,"tags=45%, list=29%, signal=32%","2786/163688/3572/3441/7311/2475/2793/10681/3665/3569/51764/8503/7538/7186/3265/841/2353/5743/94235/1233/3710/5336/942/5594/4775/4792/3451/4776/84557/8517/7132/5335/1869/2788/5533/64422/2785/6300/7316/810/57580/1870/3456/3444/5879/23533/5894/1234/643246/7297/5296/3133/1827/83439/4790/208/146850/10379/5600/1237/2783/1437/5970/5293/3134/637/9641/5603/4772/4277/81631/3106/5595/3107/5605/54331/8717/5609/3661/3383/9261/3135/6773/6772/6714",0.627256739718528
"hsa05170","Human immunodeficiency virus 1 infection",197,-0.405460931516185,-1.80671998935392,9.26502127819001e-07,8.17638127800269e-05,6.29683171848484e-05,4420,"tags=41%, list=25%, signal=31%","2776/8503/7186/3265/841/5880/5063/2353/3985/596/917/598/94235/10298/3710/5336/8907/916/162/5594/4775/4792/4615/920/3451/919/4776/8517/915/5579/7132/10454/5335/2788/5533/2785/5881/6300/810/3456/3444/5879/200316/9616/5894/1234/10053/60489/5296/3133/6892/4790/208/5829/6199/25939/5600/2775/2783/5970/5293/811/3134/637/5603/4772/3106/3984/5595/3107/1072/5605/54331/8717/5609/2767/3661/6890/3135/6891/55080",0.659444398037935
"hsa04740","Olfactory transduction",118,-0.432907694225464,-1.80614769453798,3.80937009082378e-05,0.00122246149278254,0.000941447572055959,5546,"tags=42%, list=31%, signal=29%","390063/2774/26339/5153/390066/163688/8590/26648/81697/26659/8392/26595/4994/126370/51764/26189/4992/8386/5138/409/4993/109/135948/26493/2788/26716/818/6546/810/26538/1262/26539/26689/26338/138804/815/283297/26219/123041/816/57101/26341/26494/26496/26246/408/158131/5997/26497/5566",0.557332238758646
"hsa04666","Fc gamma R-mediated phagosome formation",89,-0.444649433048846,-1.79192082928461,0.000234141137223154,0.00375690097453516,0.00289328156495148,4964,"tags=48%, list=28%, signal=35%","1073/57180/27040/10095/1793/8503/8605/4082/9846/5880/10109/7409/3985/8398/5336/5594/998/5579/5335/3635/55616/81873/5580/5879/5894/7408/5296/7454/208/6199/5321/2209/5293/7410/23396/5581/3984/5595/1072/1785/2934/274/10093",0.518848077743792
"hsa04620","Toll-like receptor signaling pathway",99,-0.436298027980924,-1.79152460579352,9.77615495737344e-05,0.00207981612230978,0.0016017173957885,5837,"tags=49%, list=33%, signal=33%","3663/3449/3455/8772/3452/148022/3593/3441/3654/3665/3569/54106/8503/841/1513/2353/942/5594/4792/4615/3451/8517/10454/6300/6373/3456/3444/5879/7297/5296/4790/208/10379/5600/958/5970/5293/6352/9641/5603/5595/4283/3627/5605/5609/3661/6773/6772/54472",0.538434096309916
"hsa04517","IgSF CAM signaling",281,-0.384732204742176,-1.78922317976993,6.29052541891498e-07,8.17638127800269e-05,6.29683171848484e-05,3743,"tags=35%, list=21%, signal=28%","8828/10298/7280/5336/84631/942/54538/5594/3742/10383/83700/4637/85366/998/5579/64221/2036/287/5335/30835/3635/9046/81873/6504/914/6300/23114/81928/1630/6712/3683/2260/4063/81027/9788/84617/4099/57823/5879/10381/6900/57524/26280/9564/5361/5296/10398/84063/4868/90249/3690/1796/253559/6586/208/5829/3689/8832/57555/4359/5600/84623/7204/60/4155/962/8541/51744/9901/5293/9423/7410/55558/6709/50855/57863/4638/201633/5603/79784/57731/5777/5595/25/4629/78999/5605/4068/5817/91584/3383/4684/10093/10580/6714/84552/3385",0.659444398037935
"hsa04625","C-type lectin receptor signaling pathway",99,-0.434852226666393,-1.78558786424541,0.000119822567279095,0.0022261771710274,0.00171443362838339,4383,"tags=44%, list=25%, signal=34%","8503/834/3265/841/5743/3710/5336/4046/9020/5594/4775/4792/4776/4791/8517/23365/30835/5533/6361/6237/6300/5971/810/5580/53342/5894/5296/4790/208/10379/5600/6367/5970/5293/29108/9641/5603/4772/5595/3659/9261/6773/6772/6714",0.538434096309916
"hsa04658","Th1 and Th2 cell differentiation",89,-0.441703445599932,-1.78004860842891,0.000292191468570209,0.00431750534976454,0.00332501674111832,5792,"tags=57%, list=33%, signal=39%","3119/4851/3108/3565/28514/3593/3714/6775/55534/27040/4854/3113/3718/2353/30009/917/10683/916/5594/4775/4792/3109/3596/920/919/8517/6776/915/5335/5533/3122/6778/6300/7297/7535/4790/5600/3111/2625/5970/3594/3560/5603/3112/4772/5595/54567/182/4094/6772/4793",0.49849310876659
"hsa05416","Viral myocarditis",64,-0.468062997347715,-1.77834961200948,0.000925617861130608,0.00859850276260801,0.00662191782478809,4222,"tags=44%, list=24%, signal=33%","6445/841/5880/857/940/942/1982/3109/6442/3122/5881/3683/5879/3133/3689/3111/958/60/3134/637/3112/3106/3107/25/6645/3383/4842/3135",0.477270815362862
"hsa05168","Herpes simplex virus 1 infection",162,-0.406496444255187,-1.76897006719221,2.15754573152564e-05,0.00076161364322855,0.000586537342481151,3510,"tags=33%, list=20%, signal=26%","4792/3109/4615/3451/8517/7132/10454/6347/3122/5451/6432/64135/8764/8890/3456/3444/7297/5296/3133/3690/6892/4790/208/6672/10379/3054/3111/8893/5970/5293/811/3134/637/6352/4940/9641/972/3112/3106/3107/5452/8717/4939/3661/6890/5371/3135/6891/6773/9021/6772/6714/55080",0.575610261071129
"hsa05330","Allograft rejection",34,-0.53197019714726,-1.76750823069367,0.00248459848521474,0.019346662224621,0.0148993389863742,7395,"tags=74%, list=42%, signal=43%","355/3567/3120/3458/3115/3117/3105/3119/3108/3565/3593/3113/940/942/3109/3122/3002/3133/3111/958/3134/3112/3106/3107/3135",0.431707695803346
"hsa04514","Cell adhesion molecule (CAM) interaction",145,-0.410332612168153,-1.75912660143595,6.09105056355749e-05,0.00160525019674909,0.00123624253949454,3794,"tags=34%, list=21%, signal=27%","84628/137075/84631/942/3109/920/83700/6382/26285/1364/3122/914/23114/3683/6404/4099/1493/6900/257194/1365/5133/6614/3133/9379/925/3689/1002/57555/4359/3111/149461/958/80380/3134/57863/201633/3112/3106/9672/3107/5010/83692/5817/3383/4684/3135/9378/3385/923",0.557332238758646
"hsa04750","Inflammatory mediator regulation of TRP channels",90,-0.432062435341291,-1.75221705253423,0.000305772333552729,0.00431750534976454,0.00332501674111832,4584,"tags=40%, list=26%, signal=30%","623/2776/59341/8503/8605/162514/3710/8398/5336/4914/109/5579/5335/818/40/6300/810/3357/5580/115/5296/815/55515/5600/5321/5330/5734/5293/816/5583/5581/5603/108/5566/111/6714",0.49849310876659
"hsa04623","Cytosolic DNA-sensing pathway",73,-0.453411275153331,-1.74897675966584,0.000569090377297279,0.00662045212037105,0.00509857252063545,5770,"tags=53%, list=33%, signal=36%","3449/3428/8772/3452/11035/3441/840/3665/3569/51428/57506/79792/834/841/5440/4792/3451/8517/3456/3444/29800/5093/4790/81030/51082/25939/171568/5970/85364/29108/6352/9641/5441/5434/3627/1777/3661/197259/4793",0.477270815362862
"hsa05135","Yersinia infection",132,-0.411716247235408,-1.74529659514098,4.8275150373841e-05,0.00142009400683049,0.00109364921734971,4820,"tags=46%, list=27%, signal=34%","57180/27040/3569/10095/9815/1793/2776/8503/834/7186/5880/10109/2353/7409/6195/6196/5594/4775/4792/4615/644150/920/58484/998/8517/10454/23365/5335/6347/8874/81873/5881/6300/3456/5879/9564/5296/7535/7456/7454/925/4790/208/5829/5600/60/5970/5293/7410/23396/29108/5603/4772/3984/5595/5605/5609/391/3661/10093/6714",0.557332238758646
"hsa04921","Oxytocin signaling pathway",143,-0.407676381908855,-1.74335489699747,8.9764535859596e-05,0.00207981612230978,0.0016017173957885,4420,"tags=43%, list=25%, signal=32%","2776/8605/779/3265/2353/5743/27092/4878/6261/3710/5020/5594/4775/4637/775/85366/4776/109/5579/5533/10369/818/59284/783/810/115/23533/5894/10398/815/51422/1827/814/59285/27091/3770/782/146850/57118/10645/5321/784/5330/4881/60/2775/816/952/3761/4638/4772/108/2002/54776/5595/5997/5605/1956/5566/111/6714",0.538434096309916
"hsa04270","Vascular smooth muscle contraction",123,-0.418009818010122,-1.74191257184964,0.000108859655213859,0.00213485879391624,0.00164410710691587,4517,"tags=43%, list=26%, signal=32%","10268/4879/2776/64600/8605/779/59/4878/3710/8398/551/5594/4637/775/85366/109/5579/23365/2768/79924/810/5580/115/796/4880/5894/552/30814/10398/3779/1908/5739/146/5321/5330/4881/26279/5322/4638/5583/5581/79784/108/9826/54776/5595/4629/5605/72/2767/3778/5566/111",0.538434096309916
"hsa05310","Asthma",27,-0.559839545095192,-1.74022527898286,0.00330730268442862,0.0233495569520661,0.0179820663725522,6484,"tags=74%, list=37%, signal=47%","3115/3117/3119/2207/3108/3565/6037/3562/8288/3113/2205/3109/3596/2206/3122/6356/3578/3111/958/3112",0.431707695803346
"hsa05163","Human cytomegalovirus infection",215,-0.384530123826008,-1.73638753000671,1.01132571962849e-05,0.000396664421143175,0.000305480997488282,3514,"tags=33%, list=20%, signal=26%","5594/4775/4792/3451/4776/109/5731/8517/6387/5579/7132/23365/2768/1869/6347/2788/5533/2785/5881/6300/810/1870/3456/3444/115/5879/5894/1234/9564/5296/3133/3690/6892/4790/208/5829/6199/5600/5330/5734/90993/2775/2783/5970/5293/811/3134/637/6352/5603/4772/108/3106/9826/2002/5595/3107/5605/54331/8717/1956/2767/3661/6890/3135/6891/5566/111/6714/55080",0.593325476396405
"hsa04370","VEGF signaling pathway",56,-0.468554244825271,-1.73354027038469,0.0015461750178154,0.0133121897875326,0.0102520437888754,4383,"tags=50%, list=25%, signal=38%","8503/8605/3265/5880/5743/5336/5594/998/5579/5335/5533/5881/6300/3315/5879/5894/5296/208/5829/5600/5321/5293/5603/5595/7867/5605/9261/6714",0.45505986738723
"hsa04261","Adrenergic signaling in cardiomyocytes",148,-0.3979287753131,-1.72925668537306,0.000351369067143235,0.00473557090929232,0.0036469792800624,4051,"tags=39%, list=23%, signal=30%","64208/153/27092/596/4634/70/64764/5521/5594/5516/9252/775/5526/109/477/4635/10369/64091/818/59284/6300/6546/783/810/6332/3784/115/23533/492/5350/480/815/59285/27091/782/208/5528/146850/6324/146/5600/784/489/5502/5330/90993/5518/816/491/5525/7171/5603/483/108/5595/7169/5566/111",0.49849310876659
"hsa04925","Aldosterone synthesis and secretion",94,-0.423280961322801,-1.72334507597054,0.000860788594592277,0.00844051038586316,0.00650024402126302,5174,"tags=50%, list=29%, signal=36%","163688/5443/493/8536/1583/8911/4929/5587/2776/779/4878/64764/3710/5138/775/3777/109/477/5579/84876/818/810/747/115/492/480/815/8913/814/57118/3164/5330/4881/90993/816/491/5581/25865/483/3949/108/3991/2767/221955/949/5566/111",0.477270815362862
"hsa03060","Protein export",28,0.466625562155347,1.68694446260495,0.0121284000575724,0.0586482906893572,0.0451664867979194,1660,"tags=25%, list=9%, signal=23%","6731/11231/7095/55176/9789/6729/60559",0.380730400722792
"hsa05340","Primary immunodeficiency",36,-0.49593382905572,-1.68507400296184,0.00535301913070067,0.0320273856463955,0.0246650750425417,4145,"tags=50%, list=23%, signal=38%","3718/930/916/920/8517/915/5993/84876/973/5994/8625/7535/925/958/326/4261/6890/6891",0.407017918923954
"hsa05235","PD-L1 expression and PD-1 checkpoint pathway in cancer",86,-0.42042975141693,-1.68313901465608,0.00185166874859494,0.0155628349584289,0.0119853208239475,4383,"tags=42%, list=25%, signal=32%","8503/116071/3265/2353/940/917/916/5594/4775/4792/4615/920/919/8517/915/5335/5533/6300/5894/5133/5296/7535/4790/208/6199/5600/5970/5293/5603/4772/5777/5595/5605/1956/6772/4793",0.45505986738723
"hsa04015","Rap1 signaling pathway",200,-0.372995178831675,-1.65906019232812,0.000153974088834808,0.00271764266793435,0.00209292325897222,3532,"tags=34%, list=20%, signal=28%","2264/5594/2324/6494/109/7423/998/5898/5579/5335/8822/57568/2255/6237/1946/5881/6300/3683/810/2260/284/115/3082/5216/83660/5879/5894/1813/9564/7408/5154/23094/7074/2251/5296/3690/208/7057/3689/55740/9002/7010/5600/7094/10235/5330/2357/60/2775/1268/5293/7410/50855/5603/2250/25865/108/2263/10636/5595/5605/1956/27006/2889/111/6714/84552/9855",0.518848077743792
"hsa04912","GnRH signaling pathway",86,-0.412802729752389,-1.65260516759613,0.00294783761170035,0.0212364627944944,0.0163547207457846,4420,"tags=42%, list=25%, signal=32%","2776/8605/779/3265/1958/3710/5594/775/109/998/5579/2488/818/6300/1081/810/5580/4313/115/5894/815/5600/5321/5330/816/5603/108/2002/5595/5605/5609/1956/2767/5566/111/6714",0.431707695803346
"hsa05164","Influenza A",157,-0.383796865311137,-1.65019572637442,0.000299198698077915,0.00431750534976454,0.00332501674111832,3514,"tags=31%, list=20%, signal=25%","5594/4792/3109/4615/3451/2224/8517/5579/7132/3337/6347/3122/64135/3456/3444/5894/7297/5296/4790/208/10379/11100/3111/4599/60/91543/5970/5293/637/29108/6352/4940/23633/9641/3112/9230/4261/5595/3627/5605/8717/4939/3661/3383/5371/6773/9021/6772/4793",0.49849310876659
"hsa04820","Cytoskeleton in muscle cells",227,-0.363228296403596,-1.64441546223418,0.000100161116371859,0.00207981612230978,0.0016017173957885,4031,"tags=32%, list=23%, signal=25%","2027/1297/57159/4634/70/8557/1292/64423/9172/9124/4607/1634/3693/6382/7125/23353/1291/10611/477/287/4635/6442/56203/118461/26287/6712/2192/27295/22801/375790/83660/832/480/25802/10398/3679/2318/7791/7140/3690/84675/7111/7057/1286/84823/1465/22989/7094/752/4892/60/1288/2006/2273/91977/171024/6709/4000/25777/7171/9260/79784/57731/483/7060/9672/4629/6645/8048/72/3691/11155/7169",0.538434096309916
"hsa04120","Ubiquitin mediated proteolysis",133,0.330498914689753,1.63939573599385,0.000728113291314861,0.00778860581315594,0.00599819632421007,3135,"tags=35%, list=18%, signal=29%","64750/7337/996/8450/4193/8554/26091/8065/7326/148581/3093/29945/55294/4214/55070/51434/51366/331/246184/23327/868/8924/7323/55236/55585/7322/22954/8452/83737/26272/119504/57448/10075/55284/6502/7320/4281/25847/55120/10393/7319/51433/672/9063/9354/8881",0.477270815362862
"hsa04145","Phagosome",139,-0.383761315596579,-1.63503814807998,0.000598129367375757,0.00662045212037105,0.00509857252063545,3795,"tags=35%, list=21%, signal=27%","8992/7280/9341/3916/3109/10383/3693/4689/4353/30835/3122/83547/11151/1535/245973/525/81027/715/29927/84617/5879/10381/9103/1520/3133/1778/3690/7057/527/3689/51143/3111/9114/7879/5878/60/2209/811/3134/7060/3112/3106/3107/6890/4842/949/3135/6891",0.477270815362862
"hsa05140","Leishmaniasis",72,-0.422653807192184,-1.63289490248977,0.00347888576961421,0.0236162822437273,0.0181874780601374,5565,"tags=50%, list=31%, signal=34%","3108/3565/1379/7040/3593/4843/3654/3113/1536/2353/5743/5594/4792/3109/4615/4689/5579/10454/3122/6300/1535/9103/4790/3689/5600/3111/2209/5970/5603/3112/5777/2002/5595/7043/6772/4793",0.431707695803346
"hsa04659","Th17 cell differentiation",104,-0.399847552257268,-1.63039123304861,0.00153737997945801,0.0133121897875326,0.0102520437888754,4899,"tags=46%, list=28%, signal=34%","3556/27040/3569/3113/6256/149233/3718/2353/30009/6258/917/50616/916/5594/4775/4792/3109/920/919/8517/6776/915/246778/5335/5533/3122/6778/6300/7297/7535/10148/4790/5600/3111/9466/2625/5970/3594/3560/5603/50615/3112/4772/5595/50943/5914/6772/4793",0.45505986738723
"hsa04664","Fc epsilon RI signaling pathway",63,-0.430001917920715,-1.62782862277548,0.0034020538260962,0.023547549031607,0.0181345449280492,4822,"tags=49%, list=27%, signal=36%","3562/27040/240/8503/8605/3265/9846/5880/7409/2205/5336/5594/3596/2206/5335/3635/5881/6300/5879/5894/5296/208/5600/5321/1437/5293/7410/5603/5595/5605/5609",0.431707695803346
"hsa04725","Cholinergic synapse",109,-0.391726441228426,-1.61271999369205,0.00233954790549558,0.0187695547872713,0.0144548943973904,4533,"tags=39%, list=26%, signal=30%","51764/2776/8503/779/3265/56479/2353/596/94235/64764/3710/5594/775/109/5579/2788/818/2785/1136/3784/115/23533/5296/815/814/3770/208/146850/9132/5330/90993/2775/2783/5293/816/3761/108/43/5595/54331/2767/5566/111",0.431707695803346
"hsa04210","Apoptosis",130,-0.38071454326745,-1.59949849045689,0.00101586274696041,0.00919486024812882,0.00708118734790659,4383,"tags=36%, list=25%, signal=27%","8503/7186/3265/841/1513/2353/596/598/3710/9020/4914/5594/4792/8517/1522/7132/1521/3002/8739/8722/10018/5894/27429/1520/10039/5296/2021/4616/4790/208/84823/60/153090/55367/5970/5293/6709/4000/637/1676/8837/7185/5595/3563/5605/63970/8717",0.45505986738723
"hsa04024","cAMP signaling pathway",213,-0.356479408323921,-1.59845125566433,0.000221524110659261,0.00372371481251044,0.00286772408780518,4383,"tags=38%, list=25%, signal=29%","8503/54714/779/5880/6755/2353/64208/153/7409/4878/51196/64764/5020/7253/116443/5594/4792/775/109/610/477/2890/1394/84876/2488/64091/818/6237/5881/1081/810/1395/1262/115/5879/2892/492/5894/1813/84152/5350/7074/5348/480/5296/10398/2696/815/2737/814/134/4790/208/6752/1908/4852/2735/489/2693/4881/90993/5970/5293/10846/7410/816/55811/491/483/4772/108/3991/3360/5595/2740/5605/7434/5141/5566/111",0.518848077743792
"hsa04082","Neuroactive ligand signaling",190,-0.354130940076241,-1.59590671847785,0.000801531408732664,0.00808401677950372,0.00622569955328421,5574,"tags=41%, list=31%, signal=28%","8973/2913/5368/5023/2774/59345/3269/6511/1815/2786/1103/1816/2904/5443/5024/6506/2793/10681/6512/2570/51764/6571/2776/5031/55879/153/9127/94235/9152/170572/116443/6540/5030/109/2890/5579/2562/2788/3361/2785/1136/5026/4985/3357/115/2556/2911/2892/6865/6536/1813/6863/140679/134/2918/2914/3363/146/4988/6869/5330/2775/2783/2901/63910/6538/6530/2912/108/43/3360/54331/2767/5566/11054/111/4987",0.477270815362862
"hsa04971","Gastric acid secretion",71,-0.409296835972459,-1.59424562172436,0.00710600500037125,0.0391940588301727,0.03018430579821,3363,"tags=31%, list=19%, signal=25%","85366/109/477/495/5579/818/810/3784/115/480/815/6752/496/5330/54207/60/816/4638/483/108/5566/111",0.407017918923954
"hsa04722","Neurotrophin signaling pathway",115,-0.386581174810479,-1.59223461068228,0.00263627171367263,0.0198000832963072,0.0152485296721981,3981,"tags=36%, list=22%, signal=28%","596/6195/6196/5336/4914/5594/4792/9252/998/10782/5335/818/6300/57498/810/397/5580/5879/5894/5296/815/814/4790/208/25970/5600/5970/5293/816/396/5603/7161/5595/25/5605/5609/2889/6464/9261/5664/4793",0.431707695803346
"hsa04923","Regulation of lipolysis in adipocytes",54,-0.436192703205481,-1.59079196442977,0.0080676392187055,0.0426462592165372,0.032842929968527,4577,"tags=41%, list=26%, signal=30%","3667/11343/8503/5743/153/4878/7253/109/1081/115/5296/134/208/4852/5742/4881/5293/108/3991/57104/5566/111",0.380730400722792
"hsa00770","Pantothenate and CoA biosynthesis",21,0.485384324212566,1.58852520793898,0.0199769352299073,0.0839506920971106,0.0646524865722714,4248,"tags=52%, list=24%, signal=40%","60496/5169/51380/79646/8876/8875/5167/53354/79717/586/217",0.352487857583619
"hsa04940","Type I diabetes mellitus",40,-0.452759761000178,-1.55676279219629,0.016684543455283,0.0745524536672772,0.057414672699517,6484,"tags=57%, list=37%, signal=37%","3115/3117/4049/3105/3119/2572/3108/5798/3593/3113/3382/940/942/3109/3122/3002/3133/3111/3134/3112/3106/3107/3135",0.352487857583619
"hsa04668","TNF signaling pathway",115,-0.375883014791631,-1.54817147009873,0.00497577657235018,0.0302836056903382,0.0233221473384606,5030,"tags=42%, list=28%, signal=30%","4323/83786/840/3569/1906/7412/8503/7186/6868/841/2353/5743/64764/9020/5594/4792/9252/8517/7132/10454/8986/6347/6300/3456/5296/64285/4790/208/5600/153090/90993/1437/5970/5293/6352/5603/8837/7185/5595/3726/3659/3627/182/8717/5609/3383/197259/9021",0.407017918923954
"hsa05131","Shigellosis",214,-0.342579065533525,-1.54558670658447,0.000750245907732596,0.00778931780675313,0.00599874464793834,4507,"tags=35%, list=25%, signal=26%","960/1793/100132074/8503/834/7186/10670/10109/10318/596/55072/51196/598/3710/5336/5594/4792/4615/9252/58484/84557/998/8517/7132/10454/5335/81873/6300/7316/4303/5580/3456/5216/83660/5879/643246/2931/9267/9564/5296/10398/9265/27128/5333/4790/208/5829/25851/6199/5600/7094/5330/60/10392/1437/5970/826/3611/5293/84335/29108/6352/5581/5603/81631/8878/5595/8717/1956/3661/10093/6714/93408/4793/26100",0.477270815362862
"hsa04672","Intestinal immune network for IgA production",44,-0.445522104091915,-1.54534887963124,0.0175802794140362,0.076615291767343,0.0590033149040506,7300,"tags=66%, list=41%, signal=39%","3567/3120/5284/8174/3115/3117/23495/115650/3119/29851/3108/3565/7040/3569/3695/3113/940/9020/942/3109/6387/3122/10673/3111/958/8741/3601/3112/4055",0.352487857583619
"hsa05160","Hepatitis C",147,-0.356884989235395,-1.54387567452815,0.00390723362517273,0.0260236503714335,0.0200414512873146,4452,"tags=37%, list=25%, signal=28%","57506/6256/8503/7186/3265/841/975/4600/137075/5521/5594/4792/5516/3451/26285/8517/7132/1364/1869/3434/1017/1870/3456/3444/5894/7297/1365/5296/4790/208/10379/149461/4599/91543/5970/5518/5293/637/4940/9641/3949/8837/5595/5010/3627/5605/8717/4939/1956/3661/949/6773/9021/6772",0.407017918923954
"hsa04723","Retrograde endocannabinoid signaling",133,-0.36631868449589,-1.5418608637734,0.00282081021532198,0.0207447084585137,0.0159760086731424,5383,"tags=42%, list=30%, signal=30%","3762/59345/3765/2786/4726/2793/22999/10681/2570/51764/4704/11343/2776/779/55879/5743/4716/94235/4722/4717/3710/51079/5594/4696/775/109/2890/5579/2562/2788/4705/2785/6300/747/115/2556/2911/2892/4701/4713/140679/126328/5600/5330/2775/2783/1268/4695/5603/108/374291/5595/54331/221955/5566/111",0.431707695803346
"hsa04081","Hormone signaling",213,-0.343280439585928,-1.53926716912223,0.000911444720135969,0.00859850276260801,0.00662191782478809,6080,"tags=47%, list=34%, signal=31%","5331/51052/4352/2778/886/6567/3061/4157/9630/148/2981/155/51094/5368/51738/59345/887/1815/2786/1816/5443/3952/84539/10266/1392/6754/90/2793/10681/2692/9370/2641/2797/3667/51764/5741/10268/90226/4879/2776/8503/2520/2099/6755/153/4878/7433/94235/1444/4295/551/5744/5020/7253/109/2688/6776/2768/2788/1394/2488/2785/1081/1395/269/4985/115/6753/796/4880/2691/552/1813/5618/2056/5296/2696/3690/6752/146/4988/2693/2100/5330/4881/7067/2775/2783/5293/108/2740/54331/7434/2767/4842/6794/5566/111/6714/4987",0.477270815362862
"hsa03015","mRNA surveillance pathway",81,0.33909946066741,1.53587548698669,0.00554233313370132,0.0326073932699427,0.0251117531360329,3495,"tags=33%, list=20%, signal=27%","124540/10914/5411/5527/23283/8732/5520/80336/11052/26019/10767/23435/55012/55916/64895/1479/5522/8106/23708/132430/51585/65109/5042/2935/5529/1477/4686",0.407017918923954
"hsa04660","T cell receptor signaling pathway",117,-0.368121041538553,-1.53146097201461,0.00805234713432507,0.0426462592165372,0.032842929968527,4244,"tags=41%, list=24%, signal=31%","3265/5063/2353/7409/940/917/10298/9020/916/5521/5594/4775/4792/5516/920/919/5526/998/8517/915/5335/5533/3702/6300/1493/5894/5133/5296/7535/925/4790/208/5528/5600/1437/5970/5518/5293/7410/5525/5603/4772/5777/5595/5605/5609/9402/4793",0.380730400722792
"hsa05162","Measles",126,-0.356602054614847,-1.5108563757412,0.00603805944070364,0.034941557091285,0.0269093499318073,5770,"tags=44%, list=33%, signal=30%","3449/578/3455/8772/4938/3452/3593/3441/3654/894/3665/3569/54106/57506/8503/841/3718/2353/596/940/4600/917/598/916/4792/4615/3451/8517/6776/915/30835/6504/1017/64135/3456/3444/7297/5296/4790/208/10379/4599/5970/5293/637/4940/9641/3560/7161/8717/4939/3661/6773/6772/4793",0.407017918923954
"hsa04670","Leukocyte transendothelial migration",107,-0.367086500868684,-1.50198116580408,0.00705185018880132,0.0391940588301727,0.03018430579821,4439,"tags=39%, list=25%, signal=30%","1536/7412/8503/5880/7409/83593/137075/5336/83700/6494/4689/26285/998/6387/5579/5335/1364/3702/6300/1535/3683/4313/5879/9564/1365/7408/5296/10398/5829/3689/2909/5600/149461/60/5293/7410/29119/5603/5010/83692/3383/93408",0.407017918923954
"hsa04080","Neuroactive ligand-receptor interaction",349,-0.318309641348483,-1.5006490715452,0.000600154299863665,0.00662045212037105,0.00509857252063545,5600,"tags=38%, list=32%, signal=26%","155/8973/2913/5368/64111/5023/10022/2837/51738/887/1325/3269/1815/113091/1816/6343/2904/5724/5443/3952/84539/5024/1392/6754/2742/9340/2692/2641/5539/1906/2797/1142/2570/623/5741/1902/286530/257313/1903/90226/5729/5031/6755/55879/1144/153/4544/7433/9127/100506013/8484/1444/4295/10316/2922/551/5020/2859/7253/116443/1135/5030/8698/2688/5731/2890/3001/344838/2562/1394/3361/2488/64106/27334/1136/1081/79924/160065/1395/680/5026/4985/3357/3640/51083/6344/117579/2556/6753/796/2911/2892/6865/10911/2691/2151/552/1813/5618/6863/2696/134/6752/2918/5697/9002/2914/1908/3363/5739/4852/146/4988/6869/2693/7067/2357/66004/5734/9294/1268/2894/2901/2912/2831/6915/3360/2740/7434/1145/11054/4987",0.477270815362862
"hsa04360","Axon guidance",179,-0.342000093928773,-1.50008580908791,0.00252109479414324,0.019346662224621,0.0148993389863742,4285,"tags=36%, list=24%, signal=28%","1947/3265/10501/5880/6608/5063/3985/10500/7222/84628/10298/5336/285220/5594/4775/5364/2049/4776/998/1020/4917/6387/64221/23365/5335/5533/818/6237/57715/1946/5881/1630/56896/5879/5894/7869/5361/5296/5998/10398/815/90249/81029/6586/55740/54361/9723/9901/3611/5293/9423/55558/816/50855/91653/2046/80031/3984/5595/25/1072/91584/56963/6714/84552",0.431707695803346
"hsa04713","Circadian entrainment",92,-0.371283665547966,-1.49918178383855,0.00924177527763324,0.0479756863677137,0.0369472525026494,5383,"tags=46%, list=30%, signal=32%","3762/59345/3765/2786/163688/2904/2793/10681/8911/51764/2776/2353/4544/94235/6261/3710/5594/9252/775/109/2890/5579/2788/818/2785/810/115/2892/815/8913/5330/2775/2783/816/55811/8863/108/5595/54331/4842/5566/111",0.380730400722792
"hsa03040","Spliceosome",127,0.308283487330892,1.49792426140173,0.00435065825661578,0.027923315719734,0.0215044301544898,2346,"tags=22%, list=13%, signal=19%","1655/58517/6426/57187/3183/9879/3178/10772/9716/55119/1665/6627/51634/3190/9343/51691/51639/51362/220988/5356/23350/23451/22938/25766/3192/6634/1659/9416",0.407017918923954
"hsa04064","NF-kappa B signaling pathway",99,-0.363297430903265,-1.49176994839231,0.0105048567790072,0.0537422383041963,0.0413882155528465,4963,"tags=36%, list=28%, signal=26%","3654/84433/27040/6366/7412/7186/5743/596/598/5336/9020/4792/4615/4791/8517/6387/5579/7132/10454/5335/5971/10673/7535/4616/4790/958/51588/55367/5970/79092/29775/8837/7185/8717/3383/4055",0.380730400722792
"hsa00601","Glycosphingolipid biosynthesis - lacto and neolacto series",28,-0.462629474851732,-1.48737952764176,0.0429476697970518,0.144008159102499,0.110904214606139,6051,"tags=50%, list=34%, signal=33%","79369/6484/53947/2525/8708/8703/2527/10331/2524/10402/6489/10690/2528/6487",0.321775918075361
"hsa05152","Tuberculosis",170,-0.334716269252761,-1.48478315303552,0.0108736052270724,0.054061727396571,0.0416342619372033,5864,"tags=42%, list=33%, signal=28%","3687/3119/3449/8772/3452/2207/843/3108/1379/820/7040/3593/163688/3441/4843/3654/3587/3569/54106/3113/4802/535/841/596/4046/3916/5594/3109/4615/3451/5993/7132/23365/30835/5533/3122/818/6300/11151/810/5994/3456/3444/8625/5894/9103/1520/815/7421/4790/208/527/3689/5600/3111/9114/7879/5878/2209/5970/816/637/972/5603/3112/4261/5595/8717/7043/6772/6714",0.380730400722792
"hsa04148","Efferocytosis",150,-0.339381991643665,-1.47144047888032,0.0117385077723023,0.0575512950503155,0.0443216635564273,4837,"tags=38%, list=27%, signal=28%","840/84465/240/23659/1793/6256/834/5031/6868/5627/5743/89790/64601/8398/714/5594/4775/3693/177/4776/712/818/57617/6300/7376/50636/1374/5879/4240/9564/2056/815/3690/7057/558/80824/5600/489/4035/7879/5878/5734/682/811/816/140885/5603/4772/1788/5777/9023/5595/55423/9392/5605/23166/9261",0.380730400722792
"hsa04933","AGE-RAGE signaling pathway in diabetic complications",99,-0.356935479713377,-1.46564653878103,0.0142821722451793,0.0663369316124775,0.0510876977090342,4738,"tags=39%, list=27%, signal=29%","3569/1906/1536/7412/8503/3265/596/51196/1958/5336/5594/177/7423/998/6776/5579/5335/6347/6300/5580/4313/5879/5296/5333/4790/208/1286/5600/5330/1288/5970/5293/5581/5603/4772/5595/3383/7043/6772",0.380730400722792
"hsa04961","Endocrine and other factor-regulated calcium reabsorption",52,-0.401787312220201,-1.46088447865518,0.0350140056022409,0.124847918965566,0.0961484438408234,4907,"tags=46%, list=28%, signal=33%","493/1212/5741/2776/2099/1173/163/477/5579/161/6546/115/492/480/7421/5330/3817/491/1175/483/160/1785/1211/5566",0.287857117255149
"hsa05166","Human T-cell leukemia virus 1 infection",217,-0.323159798850574,-1.45730716401144,0.00620907690765163,0.0353516798129197,0.0272251954965205,3894,"tags=32%, list=22%, signal=25%","917/598/64764/1958/10744/7015/9020/916/5594/4775/4792/3109/920/4776/109/4791/2224/8517/6776/915/7132/1869/991/5533/3122/6688/200186/5971/29882/3683/1017/1870/115/83660/5296/3133/4790/208/3689/3111/958/7094/6722/90993/1437/5970/5293/2005/811/3601/3134/25906/3560/3112/4772/108/3106/2002/5595/3107/5605/8498/3383/7043/55697/4055/3135/5566/111/6929",0.407017918923954
"hsa04935","Growth hormone synthesis, secretion and action",119,-0.34422095468079,-1.45339311257432,0.019565561576087,0.0832125691127556,0.0640840399622126,4420,"tags=38%, list=25%, signal=29%","2776/8503/779/3265/6755/2353/64764/1444/3710/5336/5594/775/3483/109/2688/6776/5579/5335/8651/6300/115/6753/5894/2691/9564/5296/208/6752/5600/2693/5330/90993/5293/55811/5603/108/5595/3726/5605/2767/6464/5566/9021/111/6772",0.352487857583619
"hsa04071","Sphingolipid signaling pathway",120,-0.345112623187166,-1.45026952950398,0.0163230657698375,0.0738723361122133,0.0568908974929294,4585,"tags=39%, list=26%, signal=29%","8560/1903/2776/125981/8503/7186/3265/9846/5880/596/2205/5521/123099/5594/2206/5516/5526/8698/5579/7132/2768/5881/6300/4985/79603/5879/5894/5296/134/4790/208/5528/5600/5330/5970/9294/5518/5293/637/5525/5581/5603/5595/5605/94103/8717/6609",0.352487857583619
"hsa05133","Pertussis",69,-0.3791064785988,-1.44590623634464,0.022732055745722,0.0944048903322339,0.0727035209846898,5245,"tags=43%, list=30%, signal=31%","3593/163688/4843/1073/3654/840/3569/834/710/2353/714/3394/5594/4615/712/6300/810/715/4790/3689/5600/10392/5970/716/29108/5603/5595/3659/1072/3661",0.352487857583619
"hsa04972","Pancreatic secretion",91,-0.354093719182017,-1.44305784468657,0.0304063268654288,0.117365728900256,0.0903862257977716,5107,"tags=37%, list=29%, signal=27%","6343/5906/1506/4218/493/2776/64600/1360/1811/3710/1056/9635/109/477/5579/3784/6344/115/5879/8671/492/30814/480/489/5330/26279/952/5322/491/10136/483/108/3778/111",0.352487857583619
"hsa05032","Morphine addiction",86,-0.360314393411893,-1.44247454194146,0.0315127565492112,0.119612936149156,0.0921168552048121,5383,"tags=41%, list=30%, signal=28%","3762/59345/5153/3765/2786/2793/10681/2570/51764/55879/94235/5138/409/109/5579/2562/2788/2785/115/2556/140679/134/2868/4988/2775/2783/10846/2869/108/408/54331/5141/5566/111/2870",0.321775918075361
"hsa04022","cGMP-PKG signaling pathway",158,-0.330280078434112,-1.43397883959738,0.00809433248585834,0.0426462592165372,0.032842929968527,3767,"tags=32%, list=21%, signal=25%","64764/3710/5138/5594/4775/775/85366/4776/109/477/2768/5533/6546/810/4985/115/23533/4880/492/5894/7408/5350/480/10398/3779/134/208/146850/146/489/5330/4881/2969/6722/90993/8654/2626/491/4638/5581/483/4772/108/5595/5997/5605/2767/3778/4209/111",0.380730400722792
"hsa04010","MAPK signaling pathway",285,-0.309355621425833,-1.43029643067534,0.00212377190779741,0.0174346856616857,0.0134268789509206,4320,"tags=36%, list=24%, signal=28%","8605/7186/2316/779/5871/3265/5880/374/2353/27092/6195/6196/6789/9020/23162/4914/409/2264/5594/4775/4615/2324/4149/9252/775/4296/7423/998/4791/8517/1845/5579/7132/10454/8986/2768/5533/8822/10369/2255/59284/6237/1946/5881/6300/5971/783/2260/3315/284/3082/5879/5894/84867/5154/2251/8913/1843/4616/59285/27091/4790/782/208/7010/80824/3164/5600/5321/784/23542/10235/6722/2668/5970/2005/5979/9479/9064/11184/5603/2250/4772/4137/2263/2002/5595/408/115727/7867/5605/8717/5609/51295/1956/27006/7043/9261/3727/5566/9344/2323",0.431707695803346
"hsa04613","Neutrophil extracellular trap formation",106,-0.343485106529571,-1.4256076442127,0.0278548219036185,0.110593981730495,0.0851711372496352,4626,"tags=37%, list=26%, signal=27%","566/2811/1536/79792/8503/834/5880/5336/5594/177/4689/4353/5579/5335/6300/1535/3683/6404/5879/5894/5296/3690/83933/4790/208/3689/79885/5600/10533/5330/2357/60/2209/5970/5293/5603/5595/5605/6714",0.352487857583619
"hsa04926","Relaxin signaling pathway",127,-0.338546907374858,-1.42487944564638,0.0133840331767402,0.0638454555593146,0.0491689509060189,5419,"tags=43%, list=31%, signal=30%","10022/59345/7040/2786/1285/4843/2793/10681/1906/51764/8503/3265/2353/59/94235/64764/409/5594/4792/109/7423/2788/2785/6300/3640/4313/115/117579/5894/5296/4790/208/1286/5600/5330/1288/90993/2775/2783/5970/5293/5603/108/5595/408/5605/54331/5609/1956/4842/6464/5566/111/6714",0.380730400722792
"hsa04929","GnRH secretion",63,-0.375659380578364,-1.42210782471979,0.036241610738255,0.12793288590604,0.098524252529383,5738,"tags=49%, list=32%, signal=33%","3780/778/3762/57657/3765/8911/2797/2776/8503/3782/779/3265/3710/409/5594/775/610/5579/1081/5894/5296/8913/3767/208/2100/5330/5293/5595/408/5605/2767",0.276500599254472
"hsa05321","Inflammatory bowel disease",62,-0.379864504144037,-1.42015160038333,0.0423728813559322,0.144008159102499,0.110904214606139,6484,"tags=53%, list=37%, signal=34%","3115/3117/7100/112744/3595/3566/3119/3108/3565/7040/3593/6775/3569/3113/149233/30009/50616/3109/3596/3122/6778/4790/3111/2625/5970/3594/50615/3112/4772/50943/7043/4094/6772",0.261663521711573
"hsa04020","Calcium signaling pathway",243,-0.312795174083589,-1.41770089459568,0.0041774136227817,0.0273079075711471,0.0210304892485953,6517,"tags=47%, list=37%, signal=30%","22953/56034/1133/3708/7201/6263/4773/6547/4846/1129/5331/845/2778/886/9630/4916/4803/148/778/255231/155/5023/2774/2066/5153/887/3269/3706/163688/1816/4843/2904/5724/5024/2064/493/8536/8911/623/2776/3707/80228/779/153/57192/51196/9127/6261/3710/5336/4914/2264/116443/4775/2324/775/85366/4776/109/7423/7125/5731/80271/5579/5335/5533/84876/3361/8822/2255/818/6546/810/2260/5026/3357/115/3082/2911/6865/492/552/5154/5350/2251/815/8913/5333/814/3363/146/57118/489/6869/5330/2668/5260/5979/816/952/53373/491/4638/2250/4772/108/2263/5261/6915/3360/1956/27006/2767/4842/5566",0.407017918923954
"hsa04917","Prolactin signaling pathway",69,-0.370879120568959,-1.41452722027518,0.0327653864844787,0.121749278200221,0.0937621046044293,2914,"tags=30%, list=16%, signal=26%","8651/6300/1081/5894/5618/5296/4790/208/5600/2100/5970/5293/5603/1154/5595/3659/5605/6464/9021/6772/6714",0.321775918075361
"hsa04630","JAK-STAT signaling pathway",162,-0.32428359835665,-1.41120048374685,0.018251527490656,0.0785706000512388,0.0605091457603703,5245,"tags=38%, list=30%, signal=27%","3593/3572/3441/2475/6775/3952/894/23529/3562/3587/3569/316/149233/8503/1440/3265/3718/596/598/282618/3574/50616/1444/3596/3451/3568/2688/6776/246778/8651/6778/3456/3444/5894/3589/5618/7297/2056/5154/3578/5296/208/10379/11009/51588/9466/1489/1437/2273/5293/3601/3594/3560/50615/1154/5777/3563/3581/1956/6773/9021/6772",0.352487857583619
"hsa04721","Synaptic vesicle cycle",75,-0.358660495196914,-1.40972758854295,0.0432432432432432,0.144008159102499,0.110904214606139,5216,"tags=45%, list=29%, signal=32%","6511/10815/6506/22999/1212/6512/6571/523/440279/535/1173/8992/9152/10814/6540/163/6534/161/245973/525/5864/6536/140679/527/594855/9114/1175/6538/6530/6844/160/1785/1211/8775",0.252961123069611
"hsa04371","Apelin signaling pathway",133,-0.334152079869365,-1.40646938391382,0.0278834684816263,0.110593981730495,0.0851711372496352,3878,"tags=32%, list=22%, signal=25%","4634/94235/100506013/6261/1958/3710/5594/4899/85366/84557/109/4635/2788/7350/6237/2785/6546/810/115/23533/5894/643246/51422/814/208/146850/6199/5330/2783/55811/4638/5581/108/81631/3991/5595/5605/54331/182/4842/4209/5566/111",0.352487857583619
"hsa05414","Dilated cardiomyopathy",102,-0.343351702468912,-1.40483671438766,0.0160324755760067,0.0734995308874076,0.0566037910476014,4249,"tags=35%, list=24%, signal=27%","779/6445/153/27092/4634/70/4607/3693/775/109/6442/10369/59284/6546/783/22801/115/5350/3679/3690/59285/27091/782/784/489/60/4000/7171/108/6645/7043/4842/3691/7169/5566/111",0.352487857583619
"hsa01522","Endocrine resistance",95,-0.343829587972318,-1.40099760110299,0.0253296929816801,0.103969553750385,0.0800695028219208,5342,"tags=42%, list=30%, signal=30%","8202/28514/3714/2475/2064/4854/1029/8503/2099/3265/2353/596/10683/1565/5594/109/1869/6300/1870/4313/115/5894/5296/208/6199/5600/2100/5293/5603/108/5595/54567/5605/182/1956/6464/5566/111/6714/10498",0.352487857583619
"hsa04970","Salivary secretion",80,-0.349937634880637,-1.38178888649011,0.0391644908616188,0.136881834397539,0.105416057203409,6080,"tags=42%, list=34%, signal=28%","5331/2778/4589/683/148/155/820/163688/493/55503/2776/5542/153/3710/109/477/5579/4586/810/115/492/480/727897/146/5330/952/491/483/108/6844/4842/3778/5566/111",0.261663521711573
"hsa03410","Base excision repair",42,0.355260215821903,1.38060045170737,0.0475367494611782,0.153604610137598,0.118294676866659,3000,"tags=31%, list=17%, signal=26%","11232/7374/5981/3980/8505/328/55775/2237/8930/5985/10038/5423/6996",0.321775918075361
"hsa04110","Cell cycle",153,0.272590803368011,1.37624687324555,0.014265604619938,0.0663369316124775,0.0510876977090342,3794,"tags=36%, list=21%, signal=28%","23244/996/7042/4193/5527/10735/10274/546/2932/25836/8556/8317/55869/9126/29945/5591/7533/51434/545/246184/1022/4999/80174/2033/7534/26271/4088/4175/1028/119504/6502/701/11200/4087/7465/23595/5000/25847/4173/10393/51433/4172/4085/8881/3066/1871/1111/990/5529/113130/1647/9134/5933/5885/7532",0.380730400722792
"hsa05142","Chagas disease",99,-0.335161099506457,-1.37623669639158,0.0473684210526316,0.153604610137598,0.118294676866659,6080,"tags=49%, list=34%, signal=33%","5331/2778/5519/9630/8772/148022/2774/7040/3593/4843/3654/3569/54106/2776/8503/841/2353/917/916/5521/714/5594/4792/4615/5516/919/712/8517/915/7132/6347/6300/3456/5296/4790/208/5600/5330/2775/5970/5518/5293/811/6352/5603/8837/5595/2767/7043",0.237793834423688
"hsa04060","Cytokine-cytokine receptor interaction",279,-0.296267553552216,-1.36967286969142,0.0107437189780394,0.054061727396571,0.0416342619372033,6979,"tags=48%, list=39%, signal=29%","1896/651/56300/3590/51330/3458/8600/27302/53832/3445/2920/4050/8792/29949/6360/7066/163702/4049/4838/112744/8740/2661/3595/4352/3566/23495/1436/115650/4803/3449/3455/3452/3565/133396/6363/8995/7040/6364/3593/939/146433/3572/8808/3441/3577/84957/6355/3952/90/23529/3556/3562/3587/3569/6366/10850/6354/149233/1440/23765/3623/9573/6362/58191/2658/282618/1236/3574/50616/1233/1444/6375/353500/3596/27177/920/3451/3568/2688/6387/7132/246778/6347/2829/6361/84639/27178/6356/6373/91/269/8764/3456/3444/10673/53342/1234/3589/5618/2056/3578/285613/10148/94/1237/958/8741/11009/3603/6367/132014/9466/1489/1437/3601/643/7293/3594/6352/3560/8784/50615/84818/10663/4283/9235/2833/3627/3563/3581/7043/4055/27190",0.380730400722792
"hsa04621","NOD-like receptor signaling pathway",171,-0.313521241223814,-1.364333168378,0.0319890369823609,0.120129043135887,0.0925143218509579,4548,"tags=34%, list=26%, signal=25%","2633/9927/57506/1536/79792/834/7186/841/596/55072/598/3710/115362/5594/4792/4615/3451/58484/84557/1669/8517/7158/171389/10454/6347/846/6300/1535/9051/55669/5580/3456/3444/114769/643246/7297/199713/4790/23710/63940/10379/5600/84168/5330/10392/5970/29108/6352/4940/9641/5603/81631/5595/4939/3661/6773/6772/4793",0.321775918075361
"hsa04928","Parathyroid hormone synthesis, secretion and action",112,-0.327650756584438,-1.35928671628166,0.0419855555816868,0.144008159102499,0.110904214606139,4521,"tags=38%, list=26%, signal=29%","5741/860/6256/2776/2353/4324/596/6258/64764/1958/3710/5744/409/5594/342538/109/10893/5579/2768/846/2260/50964/115/5894/7421/6559/6569/5330/90993/2625/108/9826/5595/408/64386/1956/2767/5141/3727/4209/65268/5566/111",0.321775918075361
"hsa04061","Viral protein interaction with cytokine and cytokine receptor",92,-0.336004121115901,-1.35672884215953,0.0424966799468791,0.144008159102499,0.110904214606139,5410,"tags=38%, list=31%, signal=27%","6363/6364/146433/3572/3577/6355/3587/3569/6366/10850/6354/6362/1236/1233/6375/6387/7132/6347/2829/6361/27178/6356/6373/8764/1234/1237/11009/6367/643/6352/3560/4283/2833/3627/4055",0.252961123069611
"hsa05145","Toxoplasmosis",104,-0.330562079665579,-1.34787749386624,0.0470588235294118,0.153604610137598,0.118294676866659,3514,"tags=30%, list=20%, signal=24%","5594/4792/3109/4615/8517/7132/10454/3122/8651/6300/10319/23533/1234/7297/4790/208/146850/5600/3111/958/22798/2775/5970/5603/3949/3112/4261/5595/7043/6772/4793",0.237793834423688
"hsa04611","Platelet activation",118,-0.322885797616329,-1.34712190784038,0.0478654592496766,0.153604610137598,0.118294676866659,3703,"tags=31%, list=21%, signal=25%","3710/5336/5594/85366/109/23365/84876/6300/83706/11093/115/83660/23533/7408/5296/3690/208/146850/2909/9002/5739/5600/5321/7094/5742/10235/5330/60/5293/4638/5603/108/6915/5595/5566/111/6714",0.234392647294686
"hsa04014","Ras signaling pathway",219,-0.299121710430326,-1.34260761736249,0.0305882352941176,0.117365728900256,0.0903862257977716,4409,"tags=33%, list=25%, signal=25%","64600/8503/8605/3265/9846/5880/5063/64926/6789/83593/51196/9610/598/94235/10298/8398/5336/4914/2264/5594/2324/7423/998/5898/8517/5579/5335/2788/8822/2255/6237/2785/1946/5881/810/2260/4303/284/3082/5879/5894/30814/5154/7074/2251/5296/7535/4790/208/7010/3363/5321/5878/10235/2783/5970/5293/22821/26279/5322/2250/2263/2002/5595/115727/25/5605/54331/1956/27006/6464/5566/2323",0.282013350011725
"hsa05022","Pathways of neurodegeneration - multiple diseases",422,-0.28170134203181,-1.34197919316064,0.0045692451794924,0.028802563363586,0.0221815603254012,5197,"tags=35%, list=29%, signal=25%","5715/163688/79139/4843/2904/7311/2475/3028/1537/4726/5621/11258/7480/1337/4218/840/1454/7332/2878/3569/4744/1346/7277/9927/4704/10133/1536/4741/2776/7186/779/3265/841/5713/9861/84134/7345/53349/5743/4716/596/7222/5714/598/10280/4722/4717/7477/6261/7280/3710/51079/5702/5594/10297/5692/146754/4696/140775/10383/8632/775/177/84557/1020/147700/5719/2890/5579/7132/55081/3800/5335/7483/5533/11273/4705/818/118424/6300/7316/6712/810/81027/10540/5709/55669/84617/5879/2911/2892/4701/10381/5894/27429/2521/643246/4713/5704/7384/11047/815/65018/1327/81029/7478/4790/126328/201625/9001/9246/5600/489/5330/54361/1329/10023/5970/7475/10975/816/4695/637/5708/5603/10121/81631/5690/5630/4137/10120/8878/27123/374291/5595/55567/55626/10452/5605/5609/7317/9776/4842/56171/6622/5664/26100",0.407017918923954
"hsa04810","Regulation of actin cytoskeleton",223,-0.29577700991395,-1.33637144380569,0.0342067332905519,0.124847918965566,0.0961484438408234,4691,"tags=34%, list=26%, signal=25%","3695/10095/623/221178/733/1902/1793/8503/26999/3265/5880/5063/10109/7409/3985/10298/2264/5594/10297/3693/85366/998/6387/23365/2768/8822/8874/81873/2255/6237/5881/3683/2260/9087/22801/5216/5879/5894/9564/5154/7074/2251/730/5296/10398/3679/3690/208/5829/3689/55740/2909/60/5293/7410/23396/4638/2250/3071/79784/2263/3984/54776/5595/4629/1072/5605/2934/1956/27006/10093/3691/89846/6714/93408",0.321775918075361
"hsa04144","Endocytosis",230,-0.296815078026054,-1.33561769055089,0.028604118993135,0.112191711161963,0.0864015878633669,3570,"tags=30%, list=20%, signal=24%","409/2264/11021/644150/163/26119/998/5662/3800/10938/26056/440073/161/55616/10564/81873/51160/30846/56904/1234/116986/57154/9267/29924/832/55048/867/9265/7456/112936/3133/27128/2868/93343/7879/5878/23550/254122/89853/3134/23396/50855/1175/2869/3560/3949/9230/9744/3106/84364/2263/128866/160/116988/6455/408/3107/5119/1785/1211/1956/274/5371/10093/3135/6714/2870/84552/27183",0.287857117255149
"hsa05132","Salmonella infection",239,-0.293718862802006,-1.3344861101782,0.0265256671860367,0.107627132375528,0.0828862938100831,4967,"tags=34%, list=28%, signal=25%","11258/3654/840/57180/3569/79026/54106/10095/7277/79792/834/26999/7186/2316/3265/841/5063/10109/2353/596/60412/64601/79443/7280/5594/4792/4615/10383/58484/998/147700/5898/8517/7132/10454/3800/83547/81873/57617/6237/6300/81027/10540/84617/5216/5879/10381/5894/57381/9267/257364/10398/9265/27128/1778/83658/83439/4790/208/51143/5600/7879/5878/60/10392/5970/5293/29108/5603/3071/10121/10120/5595/5605/1785/8717/5609/391/10093/197259/8677/93408",0.352487857583619
"hsa03082","ATP-dependent chromatin remodeling",85,0.288214295506318,1.32605316603298,0.0348063512714782,0.124847918965566,0.0961484438408234,1897,"tags=22%, list=11%, signal=20%","2186/51773/9643/196528/8467/10933/57634/64769/55193/6594/55274/6601/84295/605/57492/26122/54556/6605/26039",0.321775918075361
"hsa05200","Pathways in cancer",513,-0.274612098177858,-1.32490405690201,0.00483243870737919,0.0299272081351729,0.0230476768418617,5346,"tags=36%, list=30%, signal=26%","8312/8202/59345/7040/28514/3593/8326/2786/163688/3572/1285/3441/4843/3714/2475/8643/6775/5900/2064/894/7480/2793/10681/840/3562/1030/11186/3569/4854/1906/623/51764/1029/1902/6256/149233/2776/8503/2099/7186/3265/841/5880/6608/3718/11040/2353/5743/596/6789/6258/83593/598/94235/2952/3574/7477/5336/7015/10683/4914/2264/5594/4792/3596/10297/2324/4149/9252/3451/109/7423/10342/3568/998/5898/5731/4791/8517/6776/6387/5579/23365/5335/7483/2768/1869/2788/8822/6688/2255/818/2785/6778/5881/23604/1630/810/2271/2260/1017/10018/2034/1870/3444/10319/4313/115/3082/5879/5894/4824/2056/5154/867/2251/5296/815/2737/54583/81029/4616/7478/83439/1050/4790/208/1286/51684/9002/2735/6199/354/4780/2949/2100/22798/10235/5330/1288/5734/54361/2783/2736/7709/10023/5970/7475/5293/5979/3601/816/29119/9817/637/862/3594/9446/3560/2250/108/2263/9826/2002/3280/7185/5595/115727/25/3563/54567/5605/54331/182/5914/1956/27006/2767/5371/7043/6773/5566/111/6772/2323",0.407017918923954
"hsa04072","Phospholipase D signaling pathway",140,-0.306610951635094,-1.32254011717657,0.0483870967741935,0.153879686137751,0.118506519639624,4511,"tags=31%, list=25%, signal=24%","1902/8503/8605/3265/9846/56894/2205/5336/551/5594/2206/109/5898/5335/2768/6237/115/2911/23533/5894/552/9267/5154/5296/9265/27128/208/2918/146850/2914/8525/5321/5330/5293/139189/23396/2912/108/5595/5605/1785/1956/6464/111",0.227987202850442
"hsa04510","Focal adhesion",195,-0.295866783096517,-1.32152542833061,0.0346820809248555,0.124847918965566,0.0961484438408234,4270,"tags=32%, list=24%, signal=24%","2316/3265/5880/5063/857/1297/7409/596/1292/10298/5594/7143/2324/3693/85366/7423/998/1291/5579/2013/5881/22801/10319/3082/83660/5879/5894/9564/7408/5154/5296/10398/3679/7791/3690/208/7057/5829/1286/2909/3371/55742/7094/22798/60/1288/3611/5293/29780/7410/23396/4638/7060/2002/54776/5595/1956/2889/6464/3691/6714/93408",0.261663521711573
"hsa04141","Protein processing in endoplasmic reticulum",159,0.262206349441345,1.31654590015263,0.0170480744130738,0.075224628347688,0.0579323309035638,2802,"tags=25%, list=16%, signal=21%","1965/29978/3998/11231/7095/55176/5887/821/3320/51360/7184/7466/7326/84061/23190/22824/6400/7323/10970/10427/5601/200185/7322/22926/3326/1388/27248/4121/80267/10484/4287/9695/746/55973/201595/58505/25956/7993/22872",0.352487857583619
