"category","subcategory","ID","Description","GeneRatio","BgRatio","RichFactor","FoldEnrichment","zScore","pvalue","p.adjust","qvalue","geneID","Count"
"Cellular Processes","Cell motility","hsa04820","Cytoskeleton in muscle cells","36/238","233/9382",0.15450643776824,6.09066974429257,12.6943657706654,8.97490895733253e-19,3.26686686046904e-16,3.26686686046904e-16,"4811/23345/7169/8910/1278/3672/2273/6383/477/22801/10398/1634/1837/7060/2006/171024/25802/8572/3676/7057/1466/1674/4629/7431/6444/72/1282/287/8082/1281/9260/1291/27295/1292/1465/11155",36
"Environmental Information Processing","Signaling molecules and interaction","hsa04518","Integrin signaling","21/238","154/9382",0.136363636363636,5.37547746371276,8.83236395306077,2.61385397195291e-10,3.27785213470876e-08,3.27785213470876e-08,"10979/3910/3371/10000/1278/3672/56034/3383/22801/7060/3676/718/2316/7057/7450/1282/3913/7412/7424/1291/1292",21
"Cellular Processes","Cellular community - eukaryotes","hsa04510","Focal adhesion","24/238","203/9382",0.118226600985222,4.66051248085441,8.50623082997563,2.70152648465008e-10,3.27785213470876e-08,3.27785213470876e-08,"3910/3371/10000/1278/3672/4660/56034/4638/22801/10398/5579/7060/3676/2316/7057/7450/858/1282/857/3913/2534/7424/1291/1292",24
"Human Diseases","Endocrine and metabolic disease","hsa04933","AGE-RAGE signaling pathway in diabetic complications","16/238","101/9382",0.158415841584158,6.24477909975872,8.54939611729739,4.17533461763404e-09,3.32168634724584e-07,3.32168634724584e-07,"5054/6347/7046/10000/1278/3383/5579/185/1282/7056/7412/1536/7424/1281/4313/4772",16
"Organismal Systems","Immune system","hsa04610","Complement and coagulation cascades","15/238","88/9382",0.170454545454545,6.71934682964095,8.69623712583376,4.56275597149154e-09,3.32168634724584e-07,3.32168634724584e-07,"5054/1191/714/730/7035/5648/716/718/7450/710/715/2149/7056/3075/2",15
"Environmental Information Processing","Signaling molecules and interaction","hsa04517","IgSF CAM signaling","26/238","299/9382",0.0869565217391304,3.42784070149799,6.88313143761927,3.52178368274307e-08,2.1365487675308e-06,2.1365487675308e-06,"10580/57502/57823/5962/10000/2260/4478/4638/3383/10398/5579/79827/8832/7846/3676/8777/3937/4629/287/9353/2534/83700/5376/84617/914/8828",26
"Human Diseases","Cancer: overview","hsa05205","Proteoglycans in cancer","20/238","204/9382",0.0980392156862745,3.86472235953205,6.67372846769427,2.12381317727107e-07,1.10438285218095e-05,1.10438285218095e-05,"7074/117581/5962/10000/2260/4478/1278/8321/4060/4660/6383/5579/1634/2316/7057/3708/858/287/857/4313",20
"Environmental Information Processing","Signaling molecules and interaction","hsa04512","ECM-receptor interaction","13/238","89/9382",0.146067415730337,5.75800207723539,7.27589796246263,3.30183518496081e-07,1.50233500915717e-05,1.50233500915717e-05,"3910/3371/1278/3672/22801/7060/3676/7057/7450/1282/3913/1291/1292",13
"Environmental Information Processing","Signaling molecules and interaction","hsa04514","Cell adhesion molecule (CAM) interaction","17/238","160/9382",0.10625,4.18839285714286,6.56242265340376,5.74740327683784e-07,2.32450532529886e-05,2.32450532529886e-05,"57502/5010/3122/5175/3111/3383/6383/3119/5797/3676/925/1003/5788/7412/83700/257194/914",17
"Environmental Information Processing","Signal transduction","hsa04022","cGMP-PKG signaling pathway","17/238","166/9382",0.102409638554217,4.03700516351119,6.36902977352693,9.69883965574477e-07,3.5303776346911e-05,3.5303776346911e-05,"3779/5592/8654/10000/5350/4638/477/3764/10398/493/3778/3708/4208/5997/185/1909/4772",17
"Organismal Systems","Circulatory system","hsa04270","Vascular smooth muscle contraction","15/238","134/9382",0.111940298507463,4.41270538065973,6.41907165479751,1.39219871346051e-06,4.60691210636024e-05,4.60691210636024e-05,"3779/5592/4660/4638/94274/10398/5579/59/3778/3708/4629/185/72/800/1909",15
"Environmental Information Processing","Signal transduction","hsa04151","PI3K-Akt signaling pathway","25/238","362/9382",0.069060773480663,2.72238729746042,5.39171301881421,4.88866922431603e-06,0.000148289633137586,0.000148289633137586,"3560/3910/3371/10000/2260/2791/1278/3672/3718/56034/22801/7060/3676/7057/7450/59345/54331/1282/2149/3913/7424/1291/1292/10681/9180",25
"Human Diseases","Cardiovascular disease","hsa05416","Viral myocarditis","10/238","70/9382",0.142857142857143,5.63145258103241,6.2746527478547,9.53219764882468e-06,0.000266901534167091,0.000266901534167091,"8910/3122/3111/3383/3119/1837/6444/857/8082/2534",10
"Organismal Systems","Digestive system","hsa04974","Protein digestion and absorption","12/238","103/9382",0.116504854368932,4.59264093987109,5.91461904526342,1.06824774298678e-05,0.000277744413176563,0.000277744413176563,"1278/1305/477/1307/2006/1282/1295/1281/1291/1296/1303/1292",12
"Organismal Systems","Immune system","hsa04670","Leukocyte transendothelial migration","12/238","116/9382",0.103448275862069,4.07794842074761,5.38132376892306,3.591876687615e-05,0.000871628742861239,0.000871628742861239,"5010/5175/4478/3383/10398/5579/3676/1003/7412/1536/83700/4313",12
"Human Diseases","Cardiovascular disease","hsa05412","Arrhythmogenic right ventricular cardiomyopathy","10/238","86/9382",0.116279069767442,4.58374047293336,5.38620225433249,5.96569864739681e-05,0.00135719644228277,0.00135719644228277,"8910/3672/22801/1837/3676/2697/1674/6444/8082/781",10
"Human Diseases","Cardiovascular disease","hsa05414","Dilated cardiomyopathy","11/238","105/9382",0.104761904761905,4.1297318927571,5.20286963902438,6.77496893606281e-05,0.00145064040748639,0.00145064040748639,"7169/8910/5350/3672/22801/1837/3676/1674/6444/8082/781",11
"Cellular Processes","Cell motility","hsa04810","Regulation of actin cytoskeleton","17/238","232/9382",0.0732758620689655,2.88854679802956,4.69900745793783,8.28376446119433e-05,0.00167516125770819,0.00167516125770819,"7074/5962/10000/2260/730/4478/3672/4660/56034/4638/22801/10398/3676/4629/2149/3071/1073",17
"Organismal Systems","Endocrine system","hsa04926","Relaxin signaling pathway","12/238","130/9382",0.0923076923076923,3.6387847446671,4.88768002259362,0.000110060376099094,0.0021085251000037,0.0021085251000037,"7046/10000/2791/1278/59/59345/54331/1282/7424/1281/10681/4313",12
"Human Diseases","Infectious disease: bacterial","hsa05150","Staphylococcus aureus infection","10/238","99/9382",0.101010101010101,3.98183515830575,4.81173821183027,0.000196835133853757,0.00341180898679846,0.00341180898679846,"714/3122/3111/3383/3119/5648/716/718/715/3075",10
"Human Diseases","Cardiovascular disease","hsa05410","Hypertrophic cardiomyopathy","10/238","99/9382",0.101010101010101,3.98183515830575,4.81173821183027,0.000196835133853757,0.00341180898679846,0.00341180898679846,"7169/8910/3672/22801/1837/3676/1674/6444/8082/781",10
"Organismal Systems","Immune system","hsa04640","Hematopoietic cell lineage","10/238","100/9382",0.1,3.94201680672269,4.77165795944224,0.00021392234909846,0.00352340922260845,0.00352340922260846,"915/3122/3672/3111/1438/952/3119/3676/925/914",10
"Environmental Information Processing","Signal transduction","hsa04371","Apelin signaling pathway","12/238","140/9382",0.0857142857142857,3.37887154861945,4.57506180881281,0.000222633000329655,0.00352340922260845,0.00352340922260846,"5054/7046/10000/2791/4638/59/3708/4208/59345/54331/185/10681",12
"Human Diseases","Infectious disease: parasitic","hsa05144","Malaria","7/238","50/9382",0.14,5.51882352941176,5.16854088888853,0.000243851527934901,0.00355886747745188,0.00355886747745188,"6347/5175/3383/6383/7060/7057/7412",7
"Environmental Information Processing","Signal transduction","hsa04020","Calcium signaling pathway","17/238","254/9382",0.0669291338582677,2.63835770528684,4.27053915802204,0.000248099823636661,0.00355886747745188,0.00355886747745188,"5136/2260/5350/56034/6865/4638/5733/952/5579/493/3708/185/2149/7424/3357/1909/4772",17
"Human Diseases","Cardiovascular disease","hsa05418","Fluid shear stress and atherosclerosis","12/238","142/9382",0.0845070422535211,3.33128180849805,4.51593725544615,0.000254204819817991,0.00355886747745188,0.00355886747745188,"6347/10000/5175/3383/6383/4208/1003/858/857/7056/7412/4313",12
"Organismal Systems","Immune system","hsa04659","Th17 cell differentiation","10/238","109/9382",0.0917431192660551,3.61652918047953,4.43275409220494,0.000431864359550177,0.00582217136578757,0.00582217136578757,"3560/7046/915/3122/3111/3718/6095/3119/3572/4772",10
"Organismal Systems","Immune system","hsa04611","Platelet activation","10/238","126/9382",0.0793650793650794,3.12858476724023,3.88069478756979,0.00134160853350303,0.0174409109355394,0.0174409109355394,"5592/10000/1278/4638/3708/3937/7450/2149/2534/1281",10
"Cellular Processes","Cellular community - eukaryotes","hsa04540","Gap junction","8/238","89/9382",0.0898876404494382,3.54338589368332,3.88932496060597,0.0018361296807782,0.0230465932345953,0.0230465932345953,"5592/56034/5579/7846/2697/3708/3357/84617",8
"Human Diseases","Cancer: overview","hsa05200","Pathways in cancer","25/238","533/9382",0.0469043151969981,1.84897598814385,3.25579350088121,0.00213893429535206,0.025952402783605,0.025952402783605,"3560/3910/7046/862/10000/2260/2791/8321/3718/1438/5733/5579/3572/59345/54331/185/2737/1282/2149/3913/7424/4286/10681/4313/1909",25
"Cellular Processes","Cellular community - eukaryotes","hsa04520","Adherens junction","8/238","93/9382",0.0860215053763441,3.39098219933135,3.73833548782951,0.00242833838533328,0.0276223491331661,0.0276223491331661,"10580/57493/7046/2260/10398/5797/1003/2534",8
"Organismal Systems","Immune system","hsa04658","Th1 and Th2 cell differentiation","8/238","93/9382",0.0860215053763441,3.39098219933135,3.73833548782951,0.00242833838533328,0.0276223491331661,0.0276223491331661,"3560/915/3122/3111/3718/3119/4094/4772",8
"Organismal Systems","Nervous system","hsa04725","Cholinergic synapse","9/238","115/9382",0.0782608695652174,3.08505663134819,3.62946097948027,0.00254766775913948,0.0281015474038416,0.0281015474038416,"10000/2791/1136/5579/3708/59345/54331/2534/10681",9
"Human Diseases","Infectious disease: parasitic","hsa05140","Leishmaniasis","7/238","78/9382",0.0897435897435897,3.53770739064857,3.63077162566165,0.00354042146001174,0.0379033356307139,0.0379033356307139,"3122/3111/3119/5579/3676/718/1536",7
"Human Diseases","Infectious disease: parasitic","hsa05142","Chagas disease","8/238","103/9382",0.0776699029126214,3.06176062658073,3.39430766192465,0.0045691218985136,0.0475188677445414,0.0475188677445414,"5054/6347/7046/915/714/10000/6352/718",8
